x,y,z,a,b,c
0.0,0.0,0.0,0.0,0.0,0.0
0.0,0.0,0.0,0.0,0.0,0.0
0.03,0.0,-0.02,0.0,0.0,0.0
0.03,0.0,-0.02,0.0,0.0,0.0
0.03,0.0,-0.02,0.0,0.0,0.0
0.03,0.0,-0.02,0.0,0.0,0.0
0.03,0.0,-0.02,0.0,0.0,0.0
0.03,0.0,-0.02,0.0,0.0,0.0
0.03,0.0,-0.02,0.0,0.0,0.0
0.03,0.0,-0.02,0.0,0.0,0.0
0.03,0.0,-0.02,0.0,0.0,0.0
0.03,0.0,-0.02,0.0,0.0,0.0
0.03,0.0,-0.02,0.0,0.0,0.0
0.03,0.0,-0.02,0.0,0.0,0.0
0.03,0.0,-0.02,0.0,0.0,0.0
0.03,0.0,-0.02,0.0,0.0,0.0
0.03,0.0,-0.02,0.0,0.0,0.0
0.03,0.0,-0.02,0.0,0.0,0.0
0.03,0.0,-0.02,0.0,0.0,0.0
0.03,0.0,-0.02,0.0,0.0,0.0
0.03,0.0,-0.02,0.0,0.0,0.0
0.03,0.0,-0.02,0.0,0.0,0.0
0.03,0.0,-0.02,0.0,0.0,0.0
0.03,0.0,-0.02,0.0,0.0,0.0
0.03,0.0,-0.02,0.0,0.0,0.0
0.03,0.0,-0.02,0.0,0.0,0.0
0.03,0.0,-0.02,0.0,0.0,0.0
0.03,0.0,-0.02,0.0,0.0,0.0
0.03,0.0,-0.02,0.0,0.0,0.0
0.03,0.0,-0.02,0.0,0.0,0.0
0.03,0.0,-0.02,0.0,0.0,0.0
0.03,0.0,-0.02,0.0,0.0,0.0
0.03,0.0,-0.02,0.0,0.0,0.0
0.03,0.0,-0.02,0.0,0.0,0.0
0.03,0.0,-0.02,0.0,0.0,0.0
0.03,0.0,-0.02,0.0,0.0,0.0
0.03,0.0,-0.02,0.0,0.0,0.0
0.03,0.0,-0.02,0.0,0.0,0.0
0.03,0.0,-0.02,0.0,0.0,0.0
0.03,0.0,-0.02,0.0,0.0,0.0
0.03,0.0,-0.02,0.0,0.0,0.0
0.03,0.0,-0.02,0.0,0.0,0.0
0.03,0.0,-0.02,0.0,0.0,0.0
0.03,0.0,-0.02,0.0,0.0,0.0
0.03,0.0,-0.02,0.0,0.0,0.0
0.03,0.0,-0.02,0.0,0.0,0.0
0.03,0.0,-0.02,0.0,0.0,0.0
0.03,0.0,-0.02,0.0,0.0,0.0
0.03,0.0,-0.02,0.0,0.0,0.0
0.03,0.0,-0.02,0.0,0.0,0.0
0.03,0.0,-0.02,0.0,0.0,0.0
0.03,0.0,-0.02,0.0,0.0,0.0
0.03,0.0,-0.02,0.0,0.0,0.0
0.03,0.0,-0.02,0.0,0.0,0.0
0.03,0.0,-0.02,0.0,0.0,0.0
0.03,0.0,-0.02,0.0,0.0,0.0
0.03,0.0,-0.02,0.0,0.0,0.0
0.03,0.0,-0.02,0.0,0.0,0.0
0.03,0.0,-0.02,0.0,0.0,0.0
0.03,0.0,-0.02,0.0,0.0,0.0
0.03,0.0,-0.02,0.0,0.0,0.0
0.03,0.0,-0.02,0.0,0.0,0.0
0.03,0.0,-0.02,0.0,0.0,0.0
0.03,0.0,-0.02,0.0,0.0,0.0
0.03,0.0,-0.02,0.0,0.0,0.0
0.03,0.0,-0.02,0.0,0.0,0.0
0.03,0.0,-0.02,0.0,0.0,0.0
0.03,0.0,-0.02,0.0,0.0,0.0
0.03,0.0,-0.02,0.0,0.0,0.0
0.03,0.0,-0.02,0.0,0.0,0.0
0.03,0.0,-0.02,0.0,0.0,0.0
0.03,0.0,-0.02,0.0,0.0,0.0
0.03,0.0,-0.02,0.0,0.0,0.0
0.03,0.0,-0.02,0.0,0.0,0.0
0.03,0.0,-0.02,0.0,0.0,0.0
0.03,0.0,-0.02,0.0,0.0,0.0
0.03,0.0,-0.02,0.0,0.0,0.0
0.03,0.0,-0.02,0.0,0.0,0.0
0.03,0.0,-0.02,0.0,0.0,0.0
0.03,0.0,-0.02,0.0,0.0,0.0
0.03,0.0,-0.02,0.0,0.0,0.0
0.03,0.0,-0.02,0.0,0.0,0.0
0.03,0.0,-0.02,0.0,0.0,0.0
0.03,0.0,-0.02,0.0,0.0,0.0
0.03,0.0,-0.02,0.0,0.0,0.0
0.03,0.0,-0.02,0.0,0.0,0.0
0.03,0.0,-0.02,0.0,0.0,0.0
0.03,0.0,-0.02,0.0,0.0,0.0
0.03,0.0,-0.02,0.0,0.0,0.0
0.03,0.0,-0.02,0.0,0.0,0.0
0.03,0.0,-0.02,0.0,0.0,0.0
0.03,0.0,-0.02,0.0,0.0,0.0
0.03,0.0,-0.02,0.0,0.0,0.0
0.03,0.0,-0.02,0.0,0.0,0.0
0.03,0.0,-0.02,0.0,0.0,0.0
0.03,0.0,-0.02,0.0,0.0,0.0
0.03,0.0,-0.02,0.0,0.0,0.0
0.03,0.0,-0.02,0.0,0.0,0.0
0.03,0.0,-0.02,0.0,0.0,0.0
0.03,0.0,-0.02,0.0,0.0,0.0
0.03,0.0,-0.02,0.0,0.0,0.0
0.03,0.0,-0.02,0.0,0.0,0.0
0.03,0.0,-0.02,0.0,0.0,0.0
0.03,0.0,-0.02,0.0,0.0,0.0
0.03,0.0,-0.02,0.0,0.0,0.0
0.03,0.0,-0.02,0.0,0.0,0.0
0.03,0.0,-0.02,0.0,0.0,0.0
0.03,0.0,-0.02,0.0,0.0,0.0
0.03,0.0,-0.02,0.0,0.0,0.0
0.03,0.0,-0.02,0.0,0.0,0.0
0.03,0.0,-0.02,0.0,0.0,0.0
0.03,0.0,-0.02,0.0,0.0,0.0
0.03,0.0,-0.02,0.0,0.0,0.0
0.03,0.0,-0.02,0.0,0.0,0.0
0.03,0.0,-0.02,0.0,0.0,0.0
0.03,0.0,-0.02,0.0,0.0,0.0
0.03,0.0,-0.02,0.0,0.0,0.0
0.03,0.0,-0.02,0.0,0.0,0.0
0.03,0.0,-0.02,0.0,0.0,0.0
0.03,0.0,-0.02,0.0,0.0,0.0
0.03,0.0,-0.02,0.0,0.0,0.0
0.03,0.0,-0.02,0.0,0.0,0.0
0.03,0.0,-0.02,0.0,0.0,0.0
0.03,0.0,-0.02,0.0,0.0,0.0
0.03,0.0,-0.02,0.0,0.0,0.0
0.03,0.0,-0.02,0.0,0.0,0.0
0.03,0.0,-0.02,0.0,0.0,0.0
0.03,0.0,-0.02,0.0,0.0,0.0
0.03,0.0,-0.02,0.0,0.0,0.0
0.03,0.0,-0.02,0.0,0.0,0.0
0.03,0.0,-0.02,0.0,0.0,0.0
0.03,0.0,-0.02,0.0,0.0,0.0
0.03,0.0,-0.02,0.0,0.0,0.0
0.03,0.0,-0.02,0.0,0.0,0.0
0.03,0.0,-0.02,0.0,0.0,0.0
0.03,0.0,-0.02,0.0,0.0,0.0
0.03,0.0,-0.02,0.0,0.0,0.0
0.03,0.0,-0.02,0.0,0.0,0.0
0.03,0.0,-0.02,0.0,0.0,0.0
0.03,0.0,-0.02,0.0,0.0,0.0
0.03,0.0,-0.02,0.0,0.0,0.0
0.03,0.0,-0.02,0.0,0.0,0.0
0.03,0.0,-0.02,0.0,0.0,0.0
0.03,0.0,-0.02,0.0,0.0,0.0
0.03,0.0,-0.02,0.0,0.0,0.0
0.03,0.0,-0.02,0.0,0.0,0.0
0.03,0.0,-0.02,0.0,0.0,0.0
0.03,0.0,-0.02,0.0,0.0,0.0
0.03,0.0,-0.02,0.0,0.0,0.0
0.03,0.0,-0.02,0.0,0.0,0.0
0.03,0.0,-0.02,0.0,0.0,0.0
0.03,0.0,-0.02,0.0,0.0,0.0
0.03,0.0,-0.02,0.0,0.0,0.0
0.03,0.0,-0.02,0.0,0.0,0.0
0.03,0.0,-0.02,0.0,0.0,0.0
0.03,0.0,-0.02,0.0,0.0,0.0
0.03,0.0,-0.02,0.0,0.0,0.0
0.03,0.0,-0.02,0.0,0.0,0.0
0.03,0.0,-0.02,0.0,0.0,0.0
0.03,0.0,-0.02,0.0,0.0,0.0
0.03,0.0,-0.02,0.0,0.0,0.0
0.03,0.0,-0.02,0.0,0.0,0.0
0.03,0.0,-0.02,0.0,0.0,0.0
0.03,0.0,-0.02,0.0,0.0,0.0
0.03,0.0,-0.02,0.0,0.0,0.0
0.03,0.0,-0.02,0.0,0.0,0.0
0.03,0.0,-0.02,0.0,0.0,0.0
0.03,0.0,-0.02,0.0,0.0,0.0
0.03,0.0,-0.02,0.0,0.0,0.0
0.03,0.0,-0.02,0.0,0.0,0.0
0.03,0.0,-0.02,0.0,0.0,0.0
0.03,0.0,-0.02,0.0,0.0,0.0
0.03,0.0,-0.02,0.0,0.0,0.0
0.03,0.0,-0.02,0.0,0.0,0.0
0.03,0.0,-0.02,0.0,0.0,0.0
0.03,0.0,-0.02,0.0,0.0,0.0
0.03,0.0,-0.02,0.0,0.0,0.0
0.03,0.0,-0.02,0.0,0.0,0.0
0.03,0.0,-0.02,0.0,0.0,0.0
0.03,0.0,-0.02,0.0,0.0,0.0
0.03,0.0,-0.02,0.0,0.0,0.0
0.03,0.0,-0.02,0.0,0.0,0.0
0.03,0.0,-0.02,0.0,0.0,0.0
0.03,0.0,-0.02,0.0,0.0,0.0
0.03,0.0,-0.02,0.0,0.0,0.0
0.03,0.0,-0.02,0.0,0.0,0.0
0.03,0.0,-0.02,0.0,0.0,0.0
0.03,0.0,-0.02,0.0,0.0,0.0
0.03,0.0,-0.02,0.0,0.0,0.0
0.03,0.0,-0.02,0.0,0.0,0.0
0.03,0.0,-0.02,0.0,0.0,0.0
0.03,0.0,-0.02,0.0,0.0,0.0
0.03,0.0,-0.02,0.0,0.0,0.0
0.03,0.0,-0.02,0.0,0.0,0.0
0.03,0.0,-0.02,0.0,0.0,0.0
0.03,0.0,-0.02,0.0,0.0,0.0
0.03,0.0,-0.02,0.0,0.0,0.0
0.03,0.0,-0.02,0.0,0.0,0.0
0.03,0.0,-0.02,0.0,0.0,0.0
0.03,0.0,-0.02,0.0,0.0,0.0
0.03,0.0,-0.02,0.0,0.0,0.0
0.03,0.0,-0.02,0.0,0.0,0.0
0.03,0.0,-0.02,0.0,0.0,0.0
0.03,0.0,-0.02,0.0,0.0,0.0
0.03,0.0,-0.02,0.0,0.0,0.0
0.03,0.0,-0.02,0.0,0.0,0.0
0.03,0.0,-0.02,0.0,0.0,0.0
0.03,0.0,-0.02,0.0,0.0,0.0
0.03,0.0,-0.02,0.0,0.0,0.0
0.03,0.0,-0.02,0.0,0.0,0.0
0.03,0.0,-0.02,0.0,0.0,0.0
0.03,0.0,-0.02,0.0,0.0,0.0
0.03,0.0,-0.02,0.0,0.0,0.0
0.03,0.0,-0.02,0.0,0.0,0.0
0.03,0.0,-0.02,0.0,0.0,0.0
0.03,0.0,-0.02,0.0,0.0,0.0
0.03,0.0,-0.02,0.0,0.0,0.0
0.03,0.0,-0.02,0.0,0.0,0.0
0.03,0.0,-0.02,0.0,0.0,0.0
0.03,0.0,-0.02,0.0,0.0,0.0
0.03,0.0,-0.02,0.0,0.0,0.0
0.03,0.0,-0.02,0.0,0.0,0.0
0.03,0.0,-0.02,0.0,0.0,0.0
0.03,0.0,-0.02,0.0,0.0,0.0
0.03,0.0,-0.02,0.0,0.0,0.0
0.03,0.0,-0.02,0.0,0.0,0.0
0.03,0.0,-0.02,0.0,0.0,0.0
0.03,0.0,-0.02,0.0,0.0,0.0
0.03,0.0,-0.02,0.0,0.0,0.0
0.03,0.0,-0.02,0.0,0.0,0.0
0.03,0.0,-0.02,0.0,0.0,0.0
0.03,0.0,-0.02,0.0,0.0,0.0
0.03,0.0,-0.02,0.0,0.0,0.0
0.03,0.0,-0.02,0.0,0.0,0.0
0.03,0.0,-0.02,0.0,0.0,0.0
0.03,0.0,-0.02,0.0,0.0,0.0
0.03,0.0,-0.02,0.0,0.0,0.0
0.03,0.0,-0.02,0.0,0.0,0.0
0.03,0.0,-0.02,0.0,0.0,0.0
0.03,0.0,-0.02,0.0,0.0,0.0
0.03,0.0,-0.02,0.0,0.0,0.0
0.03,0.0,-0.02,0.0,0.0,0.0
0.03,0.0,-0.02,0.0,0.0,0.0
0.03,0.0,-0.02,0.0,0.0,0.0
0.03,0.0,-0.02,0.0,0.0,0.0
0.03,0.0,-0.02,0.0,0.0,0.0
0.03,0.0,-0.02,0.0,0.0,0.0
0.03,0.0,-0.02,0.0,0.0,0.0
0.03,0.0,-0.02,0.0,0.0,0.0
0.03,0.0,-0.02,0.0,0.0,0.0
0.03,0.0,-0.02,0.0,0.0,0.0
0.03,0.0,-0.02,0.0,0.0,0.0
0.03,0.0,-0.02,0.0,0.0,0.0
0.03,0.0,-0.02,0.0,0.0,0.0
0.03,0.0,-0.02,0.0,0.0,0.0
0.03,0.0,-0.02,0.0,0.0,0.0
0.03,0.0,-0.02,0.0,0.0,0.0
0.03,0.0,-0.02,0.0,0.0,0.0
0.03,0.0,-0.02,0.0,0.0,0.0
0.03,0.0,-0.02,0.0,0.0,0.0
0.03,0.0,-0.02,0.0,0.0,0.0
0.03,0.0,-0.02,0.0,0.0,0.0
0.03,0.0,-0.02,0.0,0.0,0.0
0.03,0.0,-0.02,0.0,0.0,0.0
0.03,0.0,-0.02,0.0,0.0,0.0
0.03,0.0,-0.02,0.0,0.0,0.0
0.03,0.0,-0.02,0.0,0.0,0.0
0.03,0.0,-0.02,0.0,0.0,0.0
0.03,0.0,-0.02,0.0,0.0,0.0
0.03,0.0,-0.02,0.0,0.0,0.0
0.03,0.0,-0.02,0.0,0.0,0.0
0.03,0.0,-0.02,0.0,0.0,0.0
0.03,0.0,-0.02,0.0,0.0,0.0
0.03,0.0,-0.02,0.0,0.0,0.0
0.03,0.0,-0.02,0.0,0.0,0.0
0.03,0.0,-0.02,0.0,0.0,0.0
0.03,0.0,-0.02,0.0,0.0,0.0
0.03,0.0,-0.02,0.0,0.0,0.0
0.03,0.0,-0.02,0.0,0.0,0.0
0.03,0.0,-0.02,0.0,0.0,0.0
0.03,0.0,-0.02,0.0,0.0,0.0
0.03,0.0,-0.02,0.0,0.0,0.0
0.03,0.0,-0.02,0.0,0.0,0.0
0.03,0.0,-0.02,0.0,0.0,0.0
0.03,0.0,-0.02,0.0,0.0,0.0
0.03,0.0,-0.02,0.0,0.0,0.0
0.03,0.0,-0.02,0.0,0.0,0.0
0.03,0.0,-0.02,0.0,0.0,0.0
0.03,0.0,-0.02,0.0,0.0,0.0
0.03,0.0,-0.02,0.0,0.0,0.0
0.03,0.0,-0.02,0.0,0.0,0.0
0.03,0.0,-0.02,0.0,0.0,0.0
0.03,0.0,-0.02,0.0,0.0,0.0
0.03,0.0,-0.02,0.0,0.0,0.0
0.03,0.0,-0.02,0.0,0.0,0.0
0.03,0.0,-0.02,0.0,0.0,0.0
0.03,0.0,-0.02,0.0,0.0,0.0
0.03,0.0,-0.02,0.0,0.0,0.0
0.03,0.0,-0.02,0.0,0.0,0.0
0.03,0.0,-0.02,0.0,0.0,0.0
0.03,0.0,-0.02,0.0,0.0,0.0
0.03,0.0,-0.02,0.0,0.0,0.0
0.03,0.0,-0.02,0.0,0.0,0.0
0.03,0.0,-0.02,0.0,0.0,0.0
0.03,0.0,-0.02,0.0,0.0,0.0
0.03,0.0,-0.02,0.0,0.0,0.0
0.03,0.0,-0.02,0.0,0.0,0.0
0.03,0.0,-0.02,0.0,0.0,0.0
0.03,0.0,-0.02,0.0,0.0,0.0
0.03,0.0,-0.02,0.0,0.0,0.0
0.03,0.0,-0.02,0.0,0.0,0.0
0.03,0.0,-0.02,0.0,0.0,0.0
0.03,0.0,-0.02,0.0,0.0,0.0
0.03,0.0,-0.02,0.0,0.0,0.0
0.03,0.0,-0.02,0.0,0.0,0.0
0.03,0.0,-0.02,0.0,0.0,0.0
0.03,0.0,-0.02,0.0,0.0,0.0
0.03,0.0,-0.02,0.0,0.0,0.0
0.03,0.0,-0.02,0.0,0.0,0.0
0.03,0.0,-0.02,0.0,0.0,0.0
0.03,0.0,-0.02,0.0,0.0,0.0
0.03,0.0,-0.02,0.0,0.0,0.0
0.03,0.0,-0.02,0.0,0.0,0.0
0.03,0.0,-0.02,0.0,0.0,0.0
0.03,0.0,-0.02,0.0,0.0,0.0
0.03,0.0,-0.02,0.0,0.0,0.0
0.03,0.0,-0.02,0.0,0.0,0.0
0.03,0.0,-0.02,0.0,0.0,0.0
0.03,0.0,-0.02,0.0,0.0,0.0
0.03,0.0,-0.02,0.0,0.0,0.0
0.03,0.0,-0.02,0.0,0.0,0.0
0.03,0.0,-0.02,0.0,0.0,0.0
0.03,0.0,-0.02,0.0,0.0,0.0
0.03,0.0,-0.02,0.0,0.0,0.0
0.03,0.0,-0.02,0.0,0.0,0.0
0.03,0.0,-0.02,0.0,0.0,0.0
0.03,0.0,-0.02,0.0,0.0,0.0
0.03,0.0,-0.02,0.0,0.0,0.0
0.03,0.0,-0.02,0.0,0.0,0.0
0.03,0.0,-0.02,0.0,0.0,0.0
0.03,0.0,-0.02,0.0,0.0,0.0
0.03,0.0,-0.02,0.0,0.0,0.0
0.03,0.0,-0.02,0.0,0.0,0.0
0.03,0.0,-0.02,0.0,0.0,0.0
0.03,0.0,-0.02,0.0,0.0,0.0
0.03,0.0,-0.02,0.0,0.0,0.0
0.03,0.0,-0.02,0.0,0.0,0.0
0.03,0.0,-0.02,0.0,0.0,0.0
0.03,0.0,-0.02,0.0,0.0,0.0
0.03,0.0,-0.02,0.0,0.0,0.0
0.03,0.0,-0.02,0.0,0.0,0.0
0.03,0.0,-0.02,0.0,0.0,0.0
0.03,0.0,-0.02,0.0,0.0,0.0
0.03,0.0,-0.02,0.0,0.0,0.0
0.03,0.0,-0.02,0.0,0.0,0.0
0.03,0.0,-0.02,0.0,0.0,0.0
0.03,0.0,-0.02,0.0,0.0,0.0
0.03,0.0,-0.02,0.0,0.0,0.0
0.03,0.0,-0.02,0.0,0.0,0.0
0.03,0.0,-0.02,0.0,0.0,0.0
0.03,0.0,-0.02,0.0,0.0,0.0
0.03,0.0,-0.02,0.0,0.0,0.0
0.03,0.0,-0.02,0.0,0.0,0.0
0.03,0.0,-0.02,0.0,0.0,0.0
0.03,0.0,-0.02,0.0,0.0,0.0
0.03,0.0,-0.02,0.0,0.0,0.0
0.03,0.0,-0.02,0.0,0.0,0.0
0.03,0.0,-0.02,0.0,0.0,0.0
0.03,0.0,-0.02,0.0,0.0,0.0
0.03,0.0,-0.02,0.0,0.0,0.0
0.03,0.0,-0.02,0.0,0.0,0.0
0.03,0.0,-0.02,0.0,0.0,0.0
0.03,0.0,-0.02,0.0,0.0,0.0
0.03,0.0,-0.02,0.0,0.0,0.0
0.03,0.0,-0.02,0.0,0.0,0.0
0.03,0.0,-0.02,0.0,0.0,0.0
0.03,0.0,-0.02,0.0,0.0,0.0
0.03,0.0,-0.02,0.0,0.0,0.0
0.03,0.0,-0.02,0.0,0.0,0.0
0.03,0.0,-0.02,0.0,0.0,0.0
0.03,0.0,-0.02,0.0,0.0,0.0
0.03,0.0,-0.02,0.0,0.0,0.0
0.03,0.0,-0.02,0.0,0.0,0.0
0.03,0.0,-0.02,0.0,0.0,0.0
0.03,0.0,-0.02,0.0,0.0,0.0
0.03,0.0,-0.02,0.0,0.0,0.0
0.03,0.0,-0.02,0.0,0.0,0.0
0.03,0.0,-0.02,0.0,0.0,0.0
0.03,0.0,-0.02,0.0,0.0,0.0
0.03,0.0,-0.02,0.0,0.0,0.0
0.03,0.0,-0.02,0.0,0.0,0.0
0.03,0.0,-0.02,0.0,0.0,0.0
0.03,0.0,-0.02,0.0,0.0,0.0
0.03,0.0,-0.02,0.0,0.0,0.0
0.03,0.0,-0.02,0.0,0.0,0.0
0.03,0.0,-0.02,0.0,0.0,0.0
0.03,0.0,-0.02,0.0,0.0,0.0
0.03,0.0,-0.02,0.0,0.0,0.0
0.03,0.0,-0.02,0.0,0.0,0.0
0.03,0.0,-0.02,0.0,0.0,0.0
0.03,0.0,-0.02,0.0,0.0,0.0
0.03,0.0,-0.02,0.0,0.0,0.0
0.03,0.0,-0.02,0.0,0.0,0.0
0.03,0.0,-0.02,0.0,0.0,0.0
0.03,0.0,-0.02,0.0,0.0,0.0
0.03,0.0,-0.02,0.0,0.0,0.0
0.03,0.0,-0.02,0.0,0.0,0.0
0.03,0.0,-0.02,0.0,0.0,0.0
0.03,0.0,-0.02,0.0,0.0,0.0
0.03,0.0,-0.02,0.0,0.0,0.0
0.03,0.0,-0.02,0.0,0.0,0.0
0.03,0.0,-0.02,0.0,0.0,0.0
0.03,0.0,-0.02,0.0,0.0,0.0
0.03,0.0,-0.02,0.0,0.0,0.0
0.03,0.0,-0.02,0.0,0.0,0.0
0.03,0.0,-0.02,0.0,0.0,0.0
0.03,0.0,-0.02,0.0,0.0,0.0
0.03,0.0,-0.02,0.0,0.0,0.0
0.03,0.0,-0.02,0.0,0.0,0.0
0.03,0.0,-0.02,0.0,0.0,0.0
0.03,0.0,-0.02,0.0,0.0,0.0
0.03,0.0,-0.02,0.0,0.0,0.0
0.03,0.0,-0.02,0.0,0.0,0.0
0.03,0.0,-0.02,0.0,0.0,0.0
0.03,0.0,-0.02,0.0,0.0,0.0
0.03,0.0,-0.02,0.0,0.0,0.0
0.03,0.0,-0.02,0.0,0.0,0.0
0.03,0.0,-0.02,0.0,0.0,0.0
0.03,0.0,-0.02,0.0,0.0,0.0
0.03,0.0,-0.02,0.0,0.0,0.0
0.03,0.0,-0.02,0.0,0.0,0.0
0.03,0.0,-0.02,0.0,0.0,0.0
0.03,0.0,-0.02,0.0,0.0,0.0
0.03,0.0,-0.02,0.0,0.0,0.0
0.03,0.0,-0.02,0.0,0.0,0.0
0.03,0.0,-0.02,0.0,0.0,0.0
0.03,0.0,-0.02,0.0,0.0,0.0
0.03,0.0,-0.02,0.0,0.0,0.0
0.03,0.0,-0.02,0.0,0.0,0.0
0.03,0.0,-0.02,0.0,0.0,0.0
0.03,0.0,-0.02,0.0,0.0,0.0
0.03,0.0,-0.02,0.0,0.0,0.0
0.03,0.0,-0.02,0.0,0.0,0.0
0.03,0.0,-0.02,0.0,0.0,0.0
0.03,0.0,-0.02,0.0,0.0,0.0
0.03,0.0,-0.02,0.0,0.0,0.0
0.03,0.0,-0.02,0.0,0.0,0.0
0.03,0.0,-0.02,0.0,0.0,0.0
0.03,0.0,-0.02,0.0,0.0,0.0
0.03,0.0,-0.02,0.0,0.0,0.0
0.03,0.0,-0.02,0.0,0.0,0.0
0.03,0.0,-0.02,0.0,0.0,0.0
0.03,0.0,-0.02,0.0,0.0,0.0
0.03,0.0,-0.02,0.0,0.0,0.0
0.03,0.0,-0.02,0.0,0.0,0.0
0.03,0.0,-0.02,0.0,0.0,0.0
0.03,0.0,-0.02,0.0,0.0,0.0
0.03,0.0,-0.02,0.0,0.0,0.0
0.03,0.0,-0.02,0.0,0.0,0.0
0.03,0.0,-0.02,0.0,0.0,0.0
0.03,0.0,-0.02,0.0,0.0,0.0
0.03,0.0,-0.02,0.0,0.0,0.0
0.03,0.0,-0.02,0.0,0.0,0.0
0.03,0.0,-0.02,0.0,0.0,0.0
0.03,0.0,-0.02,0.0,0.0,0.0
0.03,0.0,-0.02,0.0,0.0,0.0
0.03,0.0,-0.02,0.0,0.0,0.0
0.03,0.0,-0.02,0.0,0.0,0.0
0.03,0.0,-0.02,0.0,0.0,0.0
0.03,0.0,-0.02,0.0,0.0,0.0
0.03,0.0,-0.02,0.0,0.0,0.0
0.03,0.0,-0.02,0.0,0.0,0.0
0.03,0.0,-0.02,0.0,0.0,0.0
0.03,0.0,-0.02,0.0,0.0,0.0
0.03,0.0,-0.02,0.0,0.0,0.0
0.03,0.0,-0.02,0.0,0.0,0.0
0.03,0.0,-0.02,0.0,0.0,0.0
0.03,0.0,-0.02,0.0,0.0,0.0
0.03,0.0,-0.02,0.0,0.0,0.0
0.03,0.0,-0.02,0.0,0.0,0.0
0.03,0.0,-0.02,0.0,0.0,0.0
0.03,0.0,-0.02,0.0,0.0,0.0
0.03,0.0,-0.02,0.0,0.0,0.0
0.03,0.0,-0.02,0.0,0.0,0.0
0.03,0.0,-0.02,0.0,0.0,0.0
0.03,0.0,-0.02,0.0,0.0,0.0
0.03,0.0,-0.02,0.0,0.0,0.0
0.03,0.0,-0.02,0.0,0.0,0.0
0.03,0.0,-0.02,0.0,0.0,0.0
0.03,0.0,-0.02,0.0,0.0,0.0
0.03,0.0,-0.02,0.0,0.0,0.0
0.03,0.0,-0.02,0.0,0.0,0.0
0.03,0.0,-0.02,0.0,0.0,0.0
0.03,0.0,-0.02,0.0,0.0,0.0
0.03,0.0,-0.02,0.0,0.0,0.0
0.03,0.0,-0.02,0.0,0.0,0.0
0.03,0.0,-0.02,0.0,0.0,0.0
0.03,0.0,-0.02,0.0,0.0,0.0
0.03,0.0,-0.02,0.0,0.0,0.0
0.03,0.0,-0.02,0.0,0.0,0.0
0.03,0.0,-0.02,0.0,0.0,0.0
0.03,0.0,-0.02,0.0,0.0,0.0
0.03,0.0,-0.02,0.0,0.0,0.0
0.03,0.0,-0.02,0.0,0.0,0.0
0.03,0.0,-0.02,0.0,0.0,0.0
0.03,0.0,-0.02,0.0,0.0,0.0
0.03,0.0,-0.02,0.0,0.0,0.0
0.03,0.0,-0.02,0.0,0.0,0.0
0.03,0.0,-0.02,0.0,0.0,0.0
0.03,0.0,-0.02,0.0,0.0,0.0
0.03,0.0,-0.02,0.0,0.0,0.0
0.03,0.0,-0.02,0.0,0.0,0.0
0.03,0.0,-0.02,0.0,0.0,0.0
0.03,0.0,-0.02,0.0,0.0,0.0
0.03,0.0,-0.02,0.0,0.0,0.0
0.03,0.0,-0.02,0.0,0.0,0.0
0.03,0.0,-0.02,0.0,0.0,0.0
0.03,0.0,-0.02,0.0,0.0,0.0
0.03,0.0,-0.02,0.0,0.0,0.0
0.03,0.0,-0.02,0.0,0.0,0.0
0.03,0.0,-0.02,0.0,0.0,0.0
0.03,0.0,-0.02,0.0,0.0,0.0
0.03,0.0,-0.02,0.0,0.0,0.0
0.03,0.0,-0.02,0.0,0.0,0.0
0.03,0.0,-0.02,0.0,0.0,0.0
0.03,0.0,-0.02,0.0,0.0,0.0
0.03,0.0,-0.02,0.0,0.0,0.0
0.03,0.0,-0.02,0.0,0.0,0.0
0.03,0.0,-0.02,0.0,0.0,0.0
0.03,0.0,-0.02,0.0,0.0,0.0
0.03,0.0,-0.02,0.0,0.0,0.0
0.03,0.0,-0.02,0.0,0.0,0.0
0.03,0.0,-0.02,0.0,0.0,0.0
0.03,0.0,-0.02,0.0,0.0,0.0
0.03,0.0,-0.02,0.0,0.0,0.0
0.03,0.0,-0.02,0.0,0.0,0.0
0.03,0.0,-0.02,0.0,0.0,0.0
0.03,0.0,-0.02,0.0,0.0,0.0
0.03,0.0,-0.02,0.0,0.0,0.0
0.03,0.0,-0.02,0.0,0.0,0.0
0.03,0.0,-0.02,0.0,0.0,0.0
0.03,0.0,-0.02,0.0,0.0,0.0
0.03,0.0,-0.02,0.0,0.0,0.0
0.03,0.0,-0.02,0.0,0.0,0.0
0.03,0.0,-0.02,0.0,0.0,0.0
0.03,0.0,-0.02,0.0,0.0,0.0
0.03,0.0,-0.02,0.0,0.0,0.0
0.03,0.0,-0.02,0.0,0.0,0.0
0.03,0.0,-0.02,0.0,0.0,0.0
0.03,0.0,-0.02,0.0,0.0,0.0
0.03,0.0,-0.02,0.0,0.0,0.0
0.03,0.0,-0.02,0.0,0.0,0.0
0.03,0.0,-0.02,0.0,0.0,0.0
0.03,0.0,-0.02,0.0,0.0,0.0
0.03,0.0,-0.02,0.0,0.0,0.0
0.03,0.0,-0.02,0.0,0.0,0.0
0.03,0.0,-0.02,0.0,0.0,0.0
0.03,0.0,-0.02,0.0,0.0,0.0
0.03,0.0,-0.02,0.0,0.0,0.0
0.28,0.06,0.84,355.06,181.5,2.44
0.28,0.06,0.84,355.13,181.21,2.5
-0.13,-0.2,-0.08,355.26,6.31,2.62
-0.13,-0.2,-0.09,355.45,5.97,2.66
-0.14,-0.2,-0.1,355.76,5.18,2.32
-0.14,-0.21,-0.1,355.95,4.78,2.35
-0.14,-0.21,-0.11,356.09,4.29,2.11
-0.14,-0.21,-0.12,356.28,3.88,2.09
-0.13,-0.21,-0.11,356.74,3.42,1.89
-0.13,-0.21,-0.11,357.18,3.49,2.02
-0.13,-0.21,-0.11,357.51,3.26,2.02
-0.12,-0.21,-0.09,358.43,2.86,3.09
-0.12,-0.21,-0.08,358.77,2.68,3.32
-0.11,-0.21,-0.08,358.86,2.19,3.58
-0.11,-0.21,-0.09,358.98,2.22,3.63
-0.11,-0.21,-0.08,359.2,2.03,3.75
-0.12,-0.21,-0.1,358.98,2.73,3.75
-0.12,-0.21,-0.1,359.13,2.59,3.83
-0.12,-0.21,-0.1,358.94,2.22,3.76
-0.12,-0.22,-0.1,359.07,2.11,3.84
-0.12,-0.22,-0.11,359.32,2.11,3.8
-0.12,-0.22,-0.11,359.44,1.94,3.92
-0.12,-0.22,-0.11,359.63,1.79,4.07
-0.12,-0.22,-0.11,359.77,1.61,4.21
-0.11,-0.22,-0.11,0.06,1.4,4.37
-0.11,-0.22,-0.11,0.44,1.13,4.26
-0.11,-0.22,-0.12,0.6,0.91,4.37
-0.11,-0.22,-0.12,0.34,0.73,4.58
-0.11,-0.22,-0.12,0.4,0.49,4.64
-0.11,-0.22,-0.12,0.27,0.2,4.75
-0.11,-0.22,-0.12,0.23,0.0,4.76
-0.11,-0.23,-0.12,0.32,359.74,4.77
-0.11,-0.23,-0.12,0.49,359.58,4.78
-0.11,-0.23,-0.12,0.55,359.34,4.78
-0.11,-0.23,-0.12,0.25,359.38,4.83
-0.11,-0.23,-0.12,0.25,359.2,4.72
-0.11,-0.23,-0.12,0.24,359.0,4.62
-0.11,-0.23,-0.12,0.23,358.86,4.53
-0.11,-0.23,-0.12,0.2,358.71,4.42
-0.11,-0.23,-0.12,0.0,358.45,4.5
-0.11,-0.23,-0.12,359.94,358.31,4.45
-0.11,-0.23,-0.11,0.3,358.13,4.41
-0.11,-0.23,-0.11,0.19,358.0,4.39
-0.11,-0.23,-0.11,0.03,357.9,4.35
-0.11,-0.22,-0.11,359.91,357.82,4.29
-0.11,-0.22,-0.11,359.45,358.36,4.44
-0.11,-0.22,-0.11,359.42,358.36,4.44
-0.11,-0.22,-0.11,359.36,358.36,4.31
-0.11,-0.22,-0.11,359.2,358.31,4.18
-0.11,-0.22,-0.11,359.17,358.35,4.02
-0.11,-0.22,-0.11,359.27,358.57,3.94
-0.12,-0.22,-0.11,359.28,358.58,3.88
-0.12,-0.22,-0.12,359.3,358.7,3.94
-0.12,-0.22,-0.11,359.4,358.72,4.0
-0.12,-0.22,-0.11,359.45,358.75,4.08
-0.12,-0.22,-0.11,359.48,358.8,4.08
-0.12,-0.22,-0.11,359.51,358.85,4.03
-0.12,-0.22,-0.11,359.53,358.92,3.97
-0.12,-0.22,-0.11,359.58,358.99,3.86
-0.12,-0.22,-0.11,359.52,358.8,3.54
-0.12,-0.22,-0.11,359.56,358.84,3.45
-0.12,-0.22,-0.11,359.51,358.92,3.37
-0.12,-0.22,-0.11,359.73,358.94,3.27
-0.13,-0.22,-0.11,359.72,358.98,3.2
-0.13,-0.22,-0.11,359.85,359.02,2.96
-0.13,-0.22,-0.11,359.72,359.1,2.87
-0.13,-0.22,-0.11,359.74,359.09,2.77
-0.13,-0.22,-0.11,359.62,359.19,2.71
-0.13,-0.22,-0.11,359.64,359.38,2.64
-0.13,-0.22,-0.11,359.45,359.44,2.71
-0.13,-0.22,-0.11,359.46,359.53,2.75
-0.13,-0.22,-0.11,359.42,359.62,2.85
-0.13,-0.22,-0.11,359.4,359.71,2.95
-0.13,-0.22,-0.1,359.63,359.73,2.98
-0.13,-0.22,-0.1,359.59,359.85,3.08
-0.13,-0.22,-0.1,359.64,0.27,3.24
-0.14,-0.22,-0.1,359.73,0.46,3.24
-0.14,-0.22,-0.1,359.76,0.6,3.24
-0.14,-0.22,-0.1,359.74,0.76,3.17
-0.14,-0.22,-0.1,359.8,0.88,3.13
-0.14,-0.22,-0.1,359.89,0.96,3.23
-0.14,-0.22,-0.1,359.92,1.03,3.3
-0.14,-0.22,-0.1,359.86,1.12,3.42
-0.14,-0.22,-0.09,359.84,1.18,3.44
-0.14,-0.22,-0.1,359.96,1.04,3.27
-0.14,-0.22,-0.09,359.91,1.0,3.24
-0.14,-0.22,-0.09,359.85,1.06,3.27
-0.14,-0.22,-0.09,359.85,1.06,3.31
-0.15,-0.22,-0.09,359.9,1.11,3.34
-0.15,-0.22,-0.09,359.94,1.18,3.37
-0.15,-0.22,-0.09,0.02,1.21,3.41
-0.15,-0.22,-0.09,0.07,1.24,3.47
-0.15,-0.22,-0.09,0.08,1.23,3.58
-0.15,-0.22,-0.09,0.07,1.2,3.75
-0.15,-0.22,-0.09,0.02,1.13,3.93
-0.15,-0.22,-0.09,359.97,1.09,4.09
-0.15,-0.22,-0.08,359.9,1.12,4.21
-0.15,-0.22,-0.08,359.92,1.13,4.26
-0.15,-0.22,-0.08,359.99,1.06,4.32
-0.15,-0.22,-0.08,0.11,1.08,4.31
-0.15,-0.22,-0.08,0.31,1.16,4.22
-0.15,-0.22,-0.08,0.5,1.22,4.07
-0.15,-0.22,-0.08,0.58,1.29,3.97
-0.15,-0.22,-0.08,0.52,1.18,3.9
-0.15,-0.22,-0.08,0.46,1.24,3.9
-0.15,-0.22,-0.08,0.4,1.32,3.98
-0.15,-0.22,-0.08,0.35,1.38,4.13
-0.15,-0.22,-0.08,0.51,1.4,4.35
-0.15,-0.22,-0.08,0.5,1.5,4.75
-0.15,-0.22,-0.07,0.4,1.54,5.16
-0.15,-0.22,-0.07,0.25,1.56,5.52
-0.15,-0.22,-0.07,0.07,1.67,5.72
-0.15,-0.22,-0.07,359.84,1.8,5.76
-0.15,-0.22,-0.07,359.65,1.98,5.7
-0.15,-0.22,-0.07,359.46,2.16,5.62
-0.15,-0.22,-0.07,359.27,2.23,5.64
-0.15,-0.22,-0.07,359.13,2.26,5.63
-0.15,-0.22,-0.07,359.32,2.17,5.59
-0.15,-0.22,-0.07,359.22,1.99,5.61
-0.15,-0.22,-0.07,359.07,1.81,5.63
-0.15,-0.22,-0.07,358.93,1.57,5.64
-0.16,-0.22,-0.07,358.74,1.19,5.69
-0.16,-0.22,-0.07,358.47,0.82,5.71
-0.16,-0.22,-0.07,358.13,0.38,5.67
-0.16,-0.22,-0.07,357.81,359.96,5.59
-0.16,-0.22,-0.07,357.36,359.43,5.42
-0.16,-0.22,-0.07,356.87,358.88,5.28
-0.16,-0.21,-0.07,356.26,358.34,5.18
-0.16,-0.21,-0.07,355.47,357.86,5.12
-0.16,-0.21,-0.07,354.51,357.37,5.12
-0.16,-0.21,-0.07,353.42,356.91,5.24
-0.17,-0.21,-0.07,352.18,356.45,5.37
-0.17,-0.2,-0.07,350.71,356.03,5.4
-0.17,-0.2,-0.07,349.34,355.37,5.52
-0.17,-0.2,-0.07,347.88,354.93,5.42
-0.17,-0.19,-0.07,346.62,354.5,5.25
-0.17,-0.19,-0.07,345.47,354.05,5.06
-0.17,-0.19,-0.07,344.42,353.75,5.22
-0.17,-0.18,-0.07,343.64,353.24,5.25
-0.17,-0.18,-0.07,342.99,352.92,5.27
-0.17,-0.18,-0.07,342.4,352.75,5.37
-0.18,-0.17,-0.07,341.99,352.62,5.32
-0.18,-0.17,-0.07,341.6,352.49,5.21
-0.18,-0.17,-0.07,341.36,352.57,4.84
-0.18,-0.17,-0.07,341.09,352.64,4.38
-0.18,-0.16,-0.07,340.84,352.72,3.9
-0.18,-0.16,-0.06,340.82,352.89,3.49
-0.18,-0.16,-0.06,340.84,352.98,3.27
-0.18,-0.16,-0.06,341.03,353.12,3.21
-0.18,-0.16,-0.06,341.13,353.2,3.21
-0.18,-0.16,-0.06,341.26,353.3,3.33
-0.18,-0.16,-0.06,341.31,353.37,3.42
-0.18,-0.16,-0.06,341.31,353.42,3.49
-0.18,-0.16,-0.06,341.29,353.46,3.49
-0.18,-0.16,-0.07,341.25,353.53,3.48
-0.17,-0.16,-0.07,341.2,353.64,3.42
-0.17,-0.16,-0.07,341.24,353.76,3.37
-0.17,-0.16,-0.07,341.36,353.84,3.32
-0.17,-0.16,-0.07,341.61,353.83,3.31
-0.17,-0.17,-0.07,341.91,353.78,3.35
-0.17,-0.17,-0.07,342.24,353.61,3.5
-0.17,-0.17,-0.08,342.68,353.43,3.67
-0.17,-0.17,-0.08,343.19,353.23,3.91
-0.17,-0.18,-0.08,343.7,352.96,4.16
-0.17,-0.18,-0.09,344.16,352.69,4.43
-0.17,-0.18,-0.09,344.67,352.35,4.75
-0.17,-0.18,-0.1,345.16,351.84,5.18
-0.17,-0.18,-0.1,345.71,351.34,5.45
-0.17,-0.19,-0.1,346.18,350.87,5.74
-0.17,-0.19,-0.11,346.63,350.29,6.03
-0.17,-0.19,-0.11,346.98,349.68,6.33
-0.16,-0.19,-0.12,347.3,349.0,6.63
-0.16,-0.19,-0.12,347.71,348.29,7.04
-0.16,-0.19,-0.13,348.14,347.57,7.33
-0.16,-0.19,-0.13,348.59,346.91,7.43
-0.16,-0.19,-0.14,348.93,346.37,7.25
-0.16,-0.19,-0.15,349.11,345.91,6.91
-0.16,-0.19,-0.15,349.04,345.56,6.5
-0.16,-0.19,-0.16,348.9,345.21,6.25
-0.16,-0.19,-0.17,348.57,344.88,6.19
-0.16,-0.19,-0.17,348.2,344.54,6.4
-0.16,-0.19,-0.18,348.03,344.14,6.62
-0.15,-0.19,-0.19,347.9,343.82,6.81
-0.15,-0.19,-0.19,347.82,343.51,6.85
-0.15,-0.19,-0.2,347.73,343.29,6.7
-0.15,-0.19,-0.21,347.66,343.13,6.48
-0.15,-0.19,-0.21,347.5,343.01,6.16
-0.15,-0.19,-0.22,347.31,342.92,5.84
-0.15,-0.19,-0.23,347.04,342.81,5.54
-0.15,-0.19,-0.23,346.72,342.71,5.26
-0.15,-0.19,-0.24,346.39,342.59,5.03
-0.14,-0.19,-0.24,346.06,342.46,4.83
-0.14,-0.19,-0.25,345.68,342.32,4.69
-0.14,-0.18,-0.26,345.3,342.16,4.59
-0.14,-0.18,-0.26,344.97,341.98,4.56
-0.14,-0.18,-0.27,344.62,341.73,4.57
-0.14,-0.18,-0.27,344.29,341.56,4.59
-0.14,-0.18,-0.28,343.99,341.42,4.62
-0.14,-0.18,-0.28,343.66,341.43,4.63
-0.14,-0.18,-0.28,343.46,341.11,4.76
-0.14,-0.18,-0.29,342.99,340.91,4.92
-0.14,-0.18,-0.29,342.54,340.74,5.16
-0.14,-0.18,-0.3,342.19,340.59,5.38
-0.14,-0.18,-0.3,341.76,340.48,5.66
-0.13,-0.18,-0.3,341.39,340.32,5.9
-0.13,-0.18,-0.31,341.08,340.26,6.18
-0.13,-0.18,-0.31,340.8,340.19,6.48
-0.13,-0.18,-0.31,340.55,340.19,6.71
-0.13,-0.18,-0.32,340.32,340.22,6.89
-0.13,-0.18,-0.32,340.11,340.27,6.97
-0.13,-0.18,-0.32,339.91,340.32,7.03
-0.13,-0.18,-0.32,339.71,340.37,7.12
-0.13,-0.18,-0.33,339.53,340.37,7.21
-0.13,-0.18,-0.33,339.46,340.38,7.29
-0.13,-0.18,-0.33,339.34,340.35,7.39
-0.13,-0.18,-0.33,339.27,340.24,7.45
-0.13,-0.18,-0.33,339.19,340.22,7.53
-0.13,-0.18,-0.33,339.14,340.22,7.59
-0.13,-0.18,-0.33,339.18,340.27,7.64
-0.13,-0.19,-0.33,339.2,340.3,7.7
-0.13,-0.19,-0.33,339.23,340.35,7.74
-0.13,-0.19,-0.33,339.31,340.39,7.75
-0.13,-0.19,-0.34,339.39,340.44,7.72
-0.13,-0.19,-0.34,339.45,340.47,7.71
-0.13,-0.19,-0.34,339.52,340.51,7.73
-0.13,-0.19,-0.34,339.55,340.56,7.76
-0.13,-0.19,-0.34,339.62,340.63,7.78
-0.13,-0.19,-0.34,339.71,340.69,7.79
-0.13,-0.19,-0.34,339.82,340.79,7.76
-0.13,-0.19,-0.34,339.95,340.86,7.72
-0.13,-0.19,-0.34,340.08,340.92,7.67
-0.13,-0.19,-0.34,340.2,340.99,7.59
-0.13,-0.19,-0.34,340.31,341.07,7.48
-0.13,-0.19,-0.34,340.38,341.13,7.35
-0.13,-0.19,-0.34,340.5,341.19,7.21
-0.13,-0.19,-0.34,340.63,341.28,7.09
-0.13,-0.19,-0.34,340.65,341.36,6.95
-0.13,-0.19,-0.34,340.57,341.47,6.74
-0.13,-0.19,-0.34,340.54,341.57,6.54
-0.13,-0.19,-0.34,340.56,341.68,6.34
-0.13,-0.19,-0.34,340.58,341.74,6.13
-0.13,-0.19,-0.34,340.62,341.76,5.94
-0.13,-0.19,-0.34,340.62,341.72,5.75
-0.13,-0.19,-0.34,340.56,341.65,5.56
-0.13,-0.19,-0.34,340.53,341.57,5.36
-0.13,-0.19,-0.34,340.55,341.49,5.21
-0.13,-0.19,-0.34,340.62,341.42,5.07
-0.13,-0.19,-0.34,340.69,341.35,5.01
-0.13,-0.19,-0.34,340.69,341.28,5.03
-0.13,-0.19,-0.34,340.62,341.2,5.06
-0.13,-0.19,-0.34,340.53,341.16,5.05
-0.13,-0.19,-0.34,340.4,341.17,5.0
-0.13,-0.19,-0.34,340.28,341.19,4.95
-0.13,-0.19,-0.34,340.2,341.26,4.89
-0.13,-0.19,-0.34,340.12,341.28,4.9
-0.13,-0.19,-0.33,340.06,341.36,4.94
-0.13,-0.19,-0.33,340.07,341.44,5.05
-0.13,-0.19,-0.33,340.1,341.52,5.17
-0.13,-0.19,-0.33,340.19,341.62,5.31
-0.13,-0.19,-0.33,340.25,341.75,5.47
-0.13,-0.19,-0.33,340.4,341.81,5.63
-0.13,-0.19,-0.33,340.53,341.87,5.77
-0.13,-0.19,-0.33,340.67,341.94,5.88
-0.13,-0.19,-0.33,340.81,341.95,5.99
-0.13,-0.19,-0.33,340.93,342.0,6.14
-0.13,-0.19,-0.33,341.09,342.01,6.22
-0.13,-0.2,-0.33,341.22,342.03,6.27
-0.13,-0.2,-0.33,341.34,342.04,6.32
-0.13,-0.2,-0.33,341.44,342.02,6.34
-0.13,-0.2,-0.33,341.52,341.99,6.34
-0.13,-0.2,-0.33,341.6,341.95,6.34
-0.13,-0.2,-0.33,341.67,341.91,6.35
-0.13,-0.2,-0.33,341.75,341.86,6.37
-0.13,-0.2,-0.33,341.82,341.79,6.39
-0.13,-0.2,-0.33,341.88,341.76,6.41
-0.13,-0.2,-0.33,341.96,341.74,6.44
-0.13,-0.2,-0.33,342.01,341.78,6.49
-0.13,-0.2,-0.33,342.05,341.77,6.54
-0.13,-0.2,-0.33,342.07,341.76,6.57
-0.14,-0.2,-0.33,342.1,341.76,6.6
-0.13,-0.2,-0.33,342.08,341.79,6.66
-0.14,-0.2,-0.33,342.08,341.82,6.68
-0.14,-0.2,-0.33,342.11,341.85,6.72
-0.14,-0.2,-0.33,342.18,341.9,6.76
-0.14,-0.2,-0.33,342.26,341.95,6.8
-0.14,-0.2,-0.32,342.35,341.98,6.8
-0.14,-0.2,-0.32,342.44,342.05,6.79
-0.14,-0.2,-0.32,342.54,342.14,6.75
-0.14,-0.2,-0.32,342.67,342.24,6.7
-0.14,-0.2,-0.32,342.84,342.37,6.64
-0.14,-0.2,-0.32,342.99,342.48,6.58
-0.14,-0.2,-0.32,343.14,342.6,6.49
-0.14,-0.2,-0.32,343.3,342.72,6.36
-0.14,-0.2,-0.32,343.43,342.86,6.22
-0.14,-0.2,-0.32,343.6,343.0,6.05
-0.14,-0.2,-0.32,343.81,343.14,5.9
-0.14,-0.2,-0.32,344.02,343.25,5.79
-0.14,-0.2,-0.32,344.27,343.34,5.71
-0.13,-0.2,-0.32,344.54,343.43,5.67
-0.13,-0.2,-0.32,344.78,343.5,5.63
-0.13,-0.2,-0.32,345.0,343.57,5.63
-0.13,-0.2,-0.32,345.18,343.63,5.63
-0.13,-0.2,-0.32,345.33,343.69,5.63
-0.13,-0.2,-0.32,345.45,343.76,5.66
-0.13,-0.2,-0.32,345.54,343.83,5.66
-0.13,-0.2,-0.32,345.61,343.93,5.68
-0.13,-0.2,-0.32,345.68,343.99,5.68
-0.13,-0.2,-0.32,345.72,344.03,5.68
-0.13,-0.2,-0.32,345.74,344.05,5.66
-0.13,-0.2,-0.32,345.76,344.12,5.62
-0.13,-0.2,-0.32,345.76,344.18,5.59
-0.13,-0.2,-0.32,345.77,344.27,5.55
-0.13,-0.2,-0.32,345.74,344.37,5.5
-0.13,-0.2,-0.32,345.73,344.46,5.42
-0.13,-0.2,-0.32,345.74,344.57,5.33
-0.13,-0.2,-0.32,345.74,344.63,5.24
-0.13,-0.2,-0.32,345.78,344.71,5.19
-0.13,-0.2,-0.32,345.84,344.78,5.13
-0.13,-0.2,-0.32,345.9,344.85,5.11
-0.13,-0.2,-0.32,345.97,344.93,5.09
-0.13,-0.2,-0.32,346.06,345.0,5.12
-0.13,-0.2,-0.32,346.13,345.06,5.15
-0.13,-0.2,-0.32,346.22,345.12,5.18
-0.13,-0.2,-0.32,346.28,345.17,5.2
-0.13,-0.2,-0.32,346.34,345.21,5.22
-0.13,-0.2,-0.32,346.38,345.3,5.21
-0.13,-0.2,-0.32,346.46,345.36,5.2
-0.13,-0.2,-0.32,346.52,345.42,5.21
-0.13,-0.2,-0.32,346.57,345.46,5.21
-0.13,-0.2,-0.32,346.62,345.5,5.24
-0.13,-0.2,-0.32,346.66,345.55,5.25
-0.13,-0.2,-0.32,346.73,345.56,5.27
-0.13,-0.2,-0.32,346.8,345.59,5.29
-0.13,-0.21,-0.32,346.86,345.61,5.28
-0.13,-0.21,-0.32,346.9,345.65,5.29
-0.13,-0.21,-0.31,346.94,345.66,5.31
-0.13,-0.21,-0.31,346.95,345.71,5.32
-0.13,-0.21,-0.31,346.99,345.74,5.34
-0.13,-0.21,-0.31,347.02,345.72,5.36
-0.13,-0.21,-0.31,347.07,345.72,5.38
-0.13,-0.21,-0.31,347.11,345.72,5.4
-0.13,-0.21,-0.31,347.12,345.71,5.4
-0.13,-0.21,-0.31,347.11,345.71,5.4
-0.13,-0.21,-0.31,347.09,345.75,5.37
-0.13,-0.21,-0.31,347.06,345.8,5.33
-0.13,-0.21,-0.31,347.04,345.84,5.32
-0.13,-0.21,-0.31,347.05,345.84,5.31
-0.13,-0.21,-0.31,347.09,345.82,5.29
-0.13,-0.21,-0.31,347.1,345.77,5.26
-0.13,-0.21,-0.31,347.09,345.8,5.19
-0.13,-0.21,-0.31,347.06,345.86,5.12
-0.13,-0.21,-0.31,347.06,345.89,5.06
-0.13,-0.21,-0.31,347.07,345.94,5.04
-0.13,-0.21,-0.31,347.1,345.92,5.03
-0.13,-0.21,-0.31,347.14,345.91,5.05
-0.13,-0.21,-0.31,347.14,345.88,5.07
-0.13,-0.21,-0.31,347.13,345.85,5.09
-0.13,-0.21,-0.31,347.13,345.82,5.12
-0.13,-0.21,-0.31,347.13,345.79,5.12
-0.13,-0.21,-0.31,347.13,345.8,5.14
-0.13,-0.21,-0.31,347.15,345.79,5.16
-0.13,-0.21,-0.31,347.17,345.78,5.18
-0.13,-0.21,-0.31,347.18,345.74,5.2
-0.13,-0.21,-0.31,347.21,345.74,5.21
-0.13,-0.21,-0.31,347.25,345.72,5.22
-0.13,-0.21,-0.31,347.29,345.71,5.24
-0.13,-0.21,-0.31,347.32,345.73,5.28
-0.13,-0.21,-0.31,347.35,345.72,5.33
-0.13,-0.21,-0.31,347.35,345.69,5.4
-0.13,-0.21,-0.31,347.35,345.67,5.45
-0.13,-0.21,-0.31,347.35,345.67,5.48
-0.13,-0.21,-0.31,347.35,345.67,5.51
-0.13,-0.21,-0.31,347.35,345.67,5.56
-0.13,-0.21,-0.31,347.34,345.66,5.61
-0.13,-0.21,-0.31,347.33,345.64,5.66
-0.13,-0.21,-0.31,347.33,345.64,5.7
-0.13,-0.21,-0.31,347.32,345.65,5.74
-0.13,-0.21,-0.31,347.31,345.65,5.78
-0.13,-0.21,-0.31,347.28,345.71,5.83
-0.13,-0.21,-0.31,347.28,345.72,5.86
-0.13,-0.21,-0.31,347.29,345.72,5.88
-0.13,-0.21,-0.31,347.28,345.75,5.88
-0.13,-0.21,-0.31,347.26,345.77,5.85
-0.13,-0.21,-0.31,347.27,345.82,5.83
-0.13,-0.21,-0.31,347.27,345.83,5.81
-0.13,-0.21,-0.31,347.27,345.82,5.8
-0.13,-0.21,-0.31,347.28,345.83,5.77
-0.13,-0.21,-0.31,347.26,345.85,5.74
-0.13,-0.21,-0.31,347.26,345.87,5.71
-0.13,-0.21,-0.31,347.25,345.88,5.7
-0.13,-0.21,-0.31,347.24,345.93,5.65
-0.13,-0.21,-0.31,347.2,346.0,5.67
-0.13,-0.21,-0.31,347.17,346.04,5.62
-0.13,-0.21,-0.31,347.15,346.07,5.58
-0.13,-0.21,-0.31,347.14,346.1,5.55
-0.13,-0.21,-0.31,347.12,346.16,5.52
-0.13,-0.21,-0.31,347.07,346.2,5.48
-0.13,-0.21,-0.31,347.04,346.25,5.46
-0.13,-0.21,-0.31,346.98,346.31,5.42
-0.13,-0.21,-0.31,346.98,346.35,5.41
-0.13,-0.21,-0.31,346.95,346.37,5.42
-0.13,-0.21,-0.31,346.96,346.43,5.42
-0.13,-0.21,-0.31,346.95,346.46,5.38
-0.13,-0.21,-0.31,346.96,346.5,5.35
-0.13,-0.21,-0.31,346.96,346.57,5.32
-0.13,-0.21,-0.31,346.97,346.62,5.31
-0.13,-0.21,-0.31,346.97,346.68,5.32
-0.13,-0.21,-0.31,346.97,346.72,5.32
-0.13,-0.21,-0.31,347.0,346.76,5.34
-0.13,-0.21,-0.31,346.99,346.78,5.37
-0.13,-0.21,-0.31,347.0,346.8,5.38
-0.13,-0.21,-0.31,346.99,346.83,5.38
-0.13,-0.21,-0.31,346.97,346.87,5.37
-0.13,-0.21,-0.31,346.96,346.91,5.38
-0.13,-0.21,-0.31,346.95,346.94,5.36
-0.13,-0.21,-0.31,346.95,346.96,5.36
-0.13,-0.21,-0.31,346.94,346.96,5.34
-0.13,-0.21,-0.31,346.96,346.98,5.32
-0.13,-0.21,-0.31,346.95,347.01,5.31
-0.13,-0.21,-0.31,346.95,347.03,5.31
-0.13,-0.21,-0.31,346.98,347.01,5.31
-0.13,-0.21,-0.31,347.0,347.0,5.34
-0.13,-0.21,-0.31,347.03,346.99,5.36
-0.13,-0.21,-0.31,347.05,346.96,5.38
-0.13,-0.21,-0.31,347.05,346.96,5.37
-0.13,-0.21,-0.31,347.06,346.95,5.35
-0.13,-0.21,-0.31,347.06,346.97,5.34
-0.13,-0.21,-0.31,347.07,346.95,5.37
-0.13,-0.21,-0.31,347.07,346.93,5.39
-0.13,-0.21,-0.31,347.07,346.95,5.4
-0.13,-0.21,-0.32,347.06,346.96,5.41
-0.13,-0.21,-0.32,347.06,347.0,5.39
-0.13,-0.21,-0.32,347.06,347.02,5.38
-0.13,-0.21,-0.32,347.06,347.04,5.37
-0.13,-0.21,-0.31,347.07,347.07,5.35
-0.13,-0.21,-0.32,347.06,347.11,5.34
-0.13,-0.21,-0.31,347.06,347.13,5.31
-0.13,-0.21,-0.31,347.06,347.18,5.29
-0.13,-0.21,-0.31,347.03,347.26,5.25
-0.13,-0.21,-0.31,347.03,347.31,5.23
-0.13,-0.21,-0.31,347.01,347.38,5.21
-0.13,-0.21,-0.31,347.0,347.43,5.18
-0.13,-0.21,-0.31,346.99,347.49,5.18
-0.13,-0.21,-0.31,346.96,347.55,5.17
-0.13,-0.21,-0.31,346.93,347.62,5.16
-0.13,-0.21,-0.31,346.89,347.72,5.17
-0.13,-0.21,-0.31,346.87,347.8,5.17
-0.13,-0.21,-0.31,346.84,347.88,5.16
-0.13,-0.21,-0.31,346.84,347.94,5.16
-0.13,-0.21,-0.31,346.83,348.01,5.16
-0.13,-0.21,-0.31,346.8,348.07,5.16
-0.13,-0.21,-0.31,346.77,348.16,5.18
-0.13,-0.21,-0.31,346.74,348.24,5.18
-0.12,-0.21,-0.31,346.73,348.32,5.2
-0.12,-0.21,-0.31,346.7,348.38,5.23
-0.12,-0.21,-0.31,346.67,348.45,5.24
-0.12,-0.21,-0.31,346.65,348.52,5.22
-0.12,-0.21,-0.31,346.64,348.6,5.18
-0.12,-0.21,-0.31,346.63,348.68,5.16
-0.12,-0.21,-0.31,346.61,348.77,5.15
-0.12,-0.21,-0.31,346.62,348.83,5.18
-0.12,-0.21,-0.31,346.62,348.88,5.21
-0.12,-0.21,-0.31,346.62,349.0,5.24
-0.12,-0.21,-0.31,346.62,349.05,5.24
-0.12,-0.21,-0.31,346.59,349.16,5.27
-0.12,-0.21,-0.31,346.57,349.2,5.27
-0.12,-0.21,-0.31,346.56,349.24,5.26
-0.12,-0.21,-0.31,346.52,349.26,5.26
-0.12,-0.21,-0.31,346.5,349.27,5.26
-0.12,-0.21,-0.31,346.52,349.31,5.27
-0.12,-0.21,-0.31,346.52,349.29,5.28
-0.12,-0.21,-0.31,346.52,349.34,5.31
-0.12,-0.21,-0.31,346.49,349.36,5.29
-0.12,-0.21,-0.31,346.48,349.4,5.27
-0.12,-0.21,-0.31,346.46,349.42,5.26
-0.12,-0.21,-0.31,346.46,349.43,5.26
-0.12,-0.21,-0.31,346.46,349.43,5.25
-0.12,-0.21,-0.31,346.44,349.41,5.23
-0.12,-0.21,-0.31,346.4,349.47,5.2
-0.12,-0.21,-0.31,346.37,349.49,5.16
-0.12,-0.21,-0.31,346.33,349.51,5.15
-0.12,-0.21,-0.31,346.31,349.53,5.14
-0.12,-0.21,-0.31,346.26,349.58,5.15
-0.12,-0.21,-0.31,346.24,349.58,5.16
-0.12,-0.21,-0.31,346.21,349.58,5.19
-0.12,-0.21,-0.31,346.16,349.62,5.17
-0.12,-0.21,-0.31,346.12,349.66,5.17
-0.12,-0.21,-0.31,346.05,349.71,5.15
-0.12,-0.21,-0.31,345.99,349.78,5.13
-0.12,-0.21,-0.31,345.89,349.84,5.08
-0.12,-0.21,-0.31,345.78,349.91,5.09
-0.12,-0.2,-0.31,345.62,350.04,5.07
-0.12,-0.2,-0.31,345.48,350.13,5.06
-0.12,-0.2,-0.31,345.31,350.26,5.06
-0.12,-0.2,-0.31,345.11,350.38,5.08
-0.12,-0.2,-0.31,344.85,350.52,5.13
-0.12,-0.2,-0.31,344.5,350.71,5.17
-0.12,-0.2,-0.31,344.09,350.95,5.21
-0.12,-0.2,-0.31,343.64,351.17,5.25
-0.12,-0.2,-0.31,343.13,351.42,5.27
-0.12,-0.2,-0.31,342.57,351.68,5.26
-0.12,-0.2,-0.31,341.98,351.98,5.26
-0.12,-0.2,-0.32,341.33,352.3,5.23
-0.12,-0.2,-0.32,340.64,352.62,5.19
-0.12,-0.2,-0.32,339.9,352.95,5.18
-0.12,-0.2,-0.32,339.15,353.29,5.12
-0.12,-0.2,-0.32,338.37,353.57,5.09
-0.12,-0.19,-0.32,337.57,353.9,5.05
-0.12,-0.19,-0.32,336.76,354.28,4.98
-0.11,-0.19,-0.32,335.94,354.65,4.89
-0.11,-0.19,-0.32,335.18,355.0,4.79
-0.11,-0.19,-0.32,334.46,355.34,4.63
-0.11,-0.19,-0.32,333.8,355.67,4.43
-0.11,-0.19,-0.32,333.2,355.99,4.22
-0.11,-0.19,-0.32,332.67,356.31,4.0
-0.11,-0.19,-0.32,332.17,356.61,3.79
-0.11,-0.19,-0.32,331.73,356.9,3.61
-0.11,-0.19,-0.33,331.36,357.12,3.45
-0.11,-0.19,-0.33,330.98,357.35,3.3
-0.11,-0.19,-0.33,330.68,357.52,3.12
-0.11,-0.19,-0.33,330.41,357.69,2.99
-0.11,-0.19,-0.33,330.2,357.8,2.86
-0.11,-0.19,-0.33,330.03,357.9,2.76
-0.11,-0.19,-0.33,329.9,357.98,2.69
-0.11,-0.19,-0.33,329.77,358.02,2.63
-0.11,-0.19,-0.33,329.66,358.1,2.57
-0.11,-0.19,-0.33,329.55,358.2,2.5
-0.11,-0.19,-0.33,329.49,358.22,2.44
-0.11,-0.19,-0.33,329.45,358.24,2.42
-0.11,-0.19,-0.33,329.44,358.24,2.42
-0.11,-0.19,-0.33,329.43,358.2,2.43
-0.11,-0.19,-0.33,329.4,358.2,2.43
-0.11,-0.19,-0.33,329.38,358.21,2.42
-0.11,-0.19,-0.33,329.36,358.21,2.43
-0.11,-0.19,-0.33,329.35,358.24,2.43
-0.11,-0.19,-0.33,329.34,358.23,2.43
-0.11,-0.19,-0.33,329.32,358.28,2.43
-0.11,-0.19,-0.33,329.31,358.34,2.42
-0.11,-0.19,-0.33,329.31,358.36,2.44
-0.11,-0.19,-0.33,329.3,358.39,2.46
-0.11,-0.19,-0.33,329.31,358.41,2.46
-0.11,-0.19,-0.33,329.29,358.48,2.46
-0.11,-0.19,-0.33,329.27,358.55,2.46
-0.11,-0.19,-0.33,329.26,358.6,2.44
-0.11,-0.19,-0.33,329.24,358.66,2.42
-0.11,-0.19,-0.33,329.24,358.7,2.37
-0.11,-0.19,-0.33,329.24,358.75,2.34
-0.11,-0.19,-0.33,329.2,358.79,2.3
-0.11,-0.19,-0.33,329.19,358.85,2.24
-0.11,-0.19,-0.33,329.18,358.9,2.19
-0.11,-0.19,-0.33,329.19,358.96,2.13
-0.1,-0.19,-0.33,329.19,358.99,2.09
-0.1,-0.19,-0.33,329.23,359.04,2.02
-0.1,-0.19,-0.33,329.29,359.05,2.01
-0.1,-0.19,-0.33,329.35,359.03,1.99
-0.1,-0.19,-0.33,329.42,359.05,1.95
-0.1,-0.19,-0.33,329.46,359.12,1.93
-0.1,-0.19,-0.33,329.54,359.11,1.9
-0.1,-0.19,-0.33,329.63,359.13,1.85
-0.1,-0.19,-0.33,329.73,359.12,1.84
-0.1,-0.19,-0.33,329.86,359.05,1.8
-0.1,-0.19,-0.33,329.98,358.99,1.78
-0.1,-0.19,-0.33,330.11,358.94,1.78
-0.1,-0.19,-0.33,330.24,358.84,1.79
-0.1,-0.19,-0.33,330.36,358.73,1.83
-0.1,-0.19,-0.33,330.47,358.59,1.87
-0.1,-0.19,-0.33,330.58,358.49,1.87
-0.1,-0.19,-0.33,330.67,358.34,1.89
-0.11,-0.19,-0.33,330.77,358.2,1.89
-0.11,-0.19,-0.33,330.88,358.02,1.88
-0.11,-0.19,-0.33,331.0,357.85,1.84
-0.11,-0.19,-0.33,331.09,357.63,1.79
-0.11,-0.19,-0.33,331.17,357.39,1.77
-0.11,-0.19,-0.33,331.25,357.13,1.75
-0.11,-0.19,-0.33,331.31,356.88,1.76
-0.11,-0.19,-0.33,331.39,356.6,1.77
-0.11,-0.19,-0.33,331.44,356.34,1.78
-0.11,-0.19,-0.33,331.49,356.07,1.81
-0.11,-0.19,-0.33,331.5,355.77,1.82
-0.11,-0.19,-0.33,331.52,355.49,1.85
-0.11,-0.19,-0.33,331.54,355.19,1.84
-0.11,-0.19,-0.33,331.56,354.91,1.86
-0.11,-0.19,-0.33,331.59,354.61,1.84
-0.11,-0.19,-0.33,331.62,354.36,1.85
-0.11,-0.19,-0.33,331.66,354.12,1.84
-0.11,-0.19,-0.33,331.7,353.9,1.83
-0.11,-0.19,-0.33,331.73,353.68,1.83
-0.11,-0.19,-0.33,331.76,353.46,1.84
-0.11,-0.19,-0.33,331.79,353.25,1.84
-0.11,-0.19,-0.33,331.81,353.06,1.87
-0.11,-0.19,-0.33,331.83,352.9,1.87
-0.11,-0.19,-0.33,331.86,352.76,1.88
-0.11,-0.19,-0.33,331.89,352.65,1.89
-0.11,-0.19,-0.33,331.92,352.54,1.89
-0.11,-0.19,-0.33,331.96,352.45,1.91
-0.11,-0.19,-0.33,332.0,352.38,1.92
-0.11,-0.19,-0.33,332.02,352.32,1.95
-0.11,-0.19,-0.33,332.06,352.28,1.95
-0.11,-0.19,-0.33,332.08,352.26,1.97
-0.11,-0.19,-0.33,332.1,352.27,1.98
-0.11,-0.19,-0.33,332.15,352.29,1.96
-0.11,-0.19,-0.33,332.2,352.32,1.95
-0.11,-0.19,-0.33,332.23,352.37,1.93
-0.11,-0.19,-0.33,332.29,352.4,1.9
-0.11,-0.19,-0.33,332.37,352.41,1.87
-0.11,-0.19,-0.33,332.42,352.44,1.83
-0.11,-0.19,-0.33,332.47,352.46,1.8
-0.11,-0.19,-0.33,332.53,352.47,1.76
-0.11,-0.19,-0.33,332.57,352.48,1.72
-0.11,-0.19,-0.33,332.61,352.45,1.7
-0.11,-0.19,-0.33,332.65,352.41,1.69
-0.11,-0.19,-0.33,332.7,352.4,1.7
-0.11,-0.19,-0.33,332.74,352.35,1.71
-0.11,-0.19,-0.33,332.8,352.3,1.72
-0.11,-0.19,-0.33,332.87,352.27,1.74
-0.11,-0.19,-0.33,332.91,352.22,1.76
-0.11,-0.19,-0.33,332.98,352.21,1.77
-0.11,-0.19,-0.33,333.02,352.17,1.8
-0.11,-0.19,-0.33,333.11,352.15,1.83
-0.11,-0.19,-0.33,333.16,352.12,1.84
-0.11,-0.19,-0.33,333.23,352.11,1.85
-0.11,-0.19,-0.33,333.29,352.13,1.84
-0.11,-0.19,-0.32,333.33,352.14,1.84
-0.11,-0.19,-0.32,333.38,352.13,1.83
-0.11,-0.19,-0.32,333.42,352.17,1.82
-0.11,-0.19,-0.32,333.46,352.21,1.82
-0.11,-0.19,-0.32,333.48,352.26,1.83
-0.11,-0.19,-0.32,333.5,352.33,1.81
-0.11,-0.19,-0.32,333.51,352.4,1.81
-0.11,-0.19,-0.32,333.55,352.48,1.77
-0.11,-0.19,-0.32,333.61,352.56,1.72
-0.11,-0.19,-0.32,333.64,352.65,1.68
-0.11,-0.19,-0.32,333.68,352.75,1.64
-0.11,-0.19,-0.32,333.71,352.86,1.61
-0.11,-0.19,-0.32,333.75,352.97,1.59
-0.11,-0.19,-0.32,333.79,353.08,1.58
-0.11,-0.19,-0.32,333.83,353.17,1.56
-0.11,-0.19,-0.32,333.88,353.24,1.57
-0.11,-0.19,-0.32,333.93,353.29,1.56
-0.11,-0.19,-0.32,333.97,353.36,1.55
-0.11,-0.19,-0.32,334.0,353.44,1.55
-0.11,-0.19,-0.32,334.04,353.52,1.55
-0.11,-0.19,-0.32,334.07,353.61,1.54
-0.11,-0.19,-0.32,334.1,353.71,1.52
-0.11,-0.19,-0.32,334.17,353.82,1.49
-0.11,-0.19,-0.32,334.22,353.9,1.47
-0.11,-0.19,-0.32,334.28,353.96,1.45
-0.11,-0.19,-0.32,334.34,354.02,1.45
-0.11,-0.19,-0.32,334.38,354.1,1.43
-0.11,-0.19,-0.32,334.43,354.16,1.45
-0.11,-0.19,-0.32,334.47,354.24,1.45
-0.11,-0.19,-0.32,334.48,354.3,1.44
-0.11,-0.19,-0.32,334.49,354.36,1.42
-0.11,-0.19,-0.32,334.51,354.39,1.39
-0.11,-0.19,-0.32,334.52,354.42,1.38
-0.11,-0.19,-0.32,334.54,354.43,1.37
-0.11,-0.19,-0.32,334.56,354.44,1.39
-0.11,-0.19,-0.32,334.6,354.45,1.4
-0.11,-0.19,-0.32,334.64,354.45,1.42
-0.11,-0.19,-0.32,334.69,354.43,1.44
-0.11,-0.19,-0.32,334.74,354.4,1.47
-0.11,-0.19,-0.32,334.8,354.36,1.51
-0.11,-0.19,-0.32,334.89,354.34,1.51
-0.11,-0.19,-0.32,334.95,354.3,1.52
-0.11,-0.19,-0.32,335.01,354.26,1.54
-0.11,-0.19,-0.32,335.06,354.24,1.54
-0.11,-0.19,-0.32,335.13,354.21,1.54
-0.11,-0.19,-0.32,335.19,354.16,1.54
-0.11,-0.19,-0.32,335.26,354.11,1.57
-0.11,-0.19,-0.32,335.32,354.07,1.58
-0.11,-0.19,-0.32,335.38,354.03,1.6
-0.11,-0.19,-0.32,335.45,354.02,1.64
-0.11,-0.19,-0.32,335.53,353.98,1.68
-0.11,-0.19,-0.32,335.57,353.97,1.71
-0.11,-0.19,-0.32,335.65,353.93,1.73
-0.11,-0.19,-0.32,335.7,353.92,1.76
-0.11,-0.19,-0.32,335.76,353.91,1.76
-0.11,-0.19,-0.31,335.8,353.91,1.77
-0.11,-0.19,-0.31,335.85,353.92,1.77
-0.11,-0.19,-0.31,335.89,353.93,1.77
-0.11,-0.19,-0.31,335.95,353.92,1.78
-0.11,-0.19,-0.31,336.0,353.92,1.8
-0.11,-0.19,-0.31,336.04,353.92,1.8
-0.11,-0.19,-0.31,336.08,353.92,1.83
-0.11,-0.19,-0.31,336.12,353.91,1.87
-0.11,-0.19,-0.31,336.14,353.91,1.88
-0.11,-0.19,-0.31,336.18,353.89,1.95
-0.11,-0.19,-0.31,336.18,353.85,2.02
-0.11,-0.19,-0.31,336.22,353.84,2.07
-0.11,-0.19,-0.31,336.26,353.84,2.1
-0.11,-0.19,-0.31,336.31,353.85,2.11
-0.11,-0.19,-0.31,336.36,353.86,2.13
-0.11,-0.19,-0.31,336.42,353.84,2.14
-0.11,-0.19,-0.31,336.47,353.82,2.18
-0.11,-0.19,-0.31,336.51,353.79,2.24
-0.11,-0.19,-0.31,336.56,353.75,2.31
-0.11,-0.19,-0.31,336.61,353.72,2.35
-0.11,-0.19,-0.31,336.65,353.68,2.39
-0.11,-0.19,-0.31,336.67,353.66,2.4
-0.11,-0.19,-0.31,336.73,353.63,2.42
-0.11,-0.19,-0.31,336.75,353.6,2.43
-0.11,-0.19,-0.31,336.77,353.57,2.45
-0.11,-0.19,-0.31,336.81,353.55,2.47
-0.11,-0.19,-0.31,336.84,353.52,2.48
-0.11,-0.19,-0.31,336.88,353.51,2.49
-0.11,-0.19,-0.31,336.92,353.5,2.5
-0.11,-0.19,-0.31,336.94,353.48,2.51
-0.11,-0.19,-0.31,336.99,353.51,2.48
-0.11,-0.19,-0.31,337.01,353.53,2.48
-0.11,-0.19,-0.31,337.02,353.55,2.47
-0.11,-0.19,-0.31,337.04,353.57,2.43
-0.11,-0.19,-0.31,337.03,353.61,2.4
-0.11,-0.19,-0.31,337.04,353.66,2.35
-0.11,-0.19,-0.31,337.08,353.74,2.29
-0.11,-0.19,-0.31,337.1,353.86,2.23
-0.11,-0.19,-0.31,337.12,354.0,2.18
-0.11,-0.19,-0.31,337.13,354.22,2.1
-0.11,-0.19,-0.31,337.14,354.46,2.03
-0.11,-0.19,-0.31,337.14,354.76,1.92
-0.11,-0.19,-0.31,337.12,355.04,1.83
-0.11,-0.19,-0.31,337.13,355.31,1.73
-0.11,-0.19,-0.31,337.14,355.55,1.65
-0.11,-0.19,-0.31,337.15,355.78,1.57
-0.1,-0.19,-0.31,337.17,356.03,1.48
-0.1,-0.19,-0.31,337.18,356.27,1.41
-0.1,-0.19,-0.31,337.18,356.48,1.34
-0.1,-0.19,-0.31,337.19,356.7,1.28
-0.1,-0.19,-0.31,337.2,356.88,1.21
-0.1,-0.19,-0.31,337.23,357.05,1.15
-0.1,-0.19,-0.31,337.25,357.2,1.08
-0.1,-0.19,-0.31,337.28,357.31,1.02
-0.1,-0.19,-0.31,337.31,357.41,0.95
-0.1,-0.19,-0.31,337.32,357.5,0.89
-0.1,-0.19,-0.31,337.32,357.57,0.83
-0.1,-0.19,-0.31,337.35,357.62,0.78
-0.1,-0.19,-0.31,337.39,357.65,0.72
-0.1,-0.19,-0.31,337.42,357.69,0.64
-0.1,-0.19,-0.31,337.44,357.71,0.59
-0.1,-0.19,-0.31,337.44,357.7,0.55
-0.1,-0.19,-0.31,337.48,357.69,0.5
-0.1,-0.19,-0.31,337.5,357.7,0.44
-0.1,-0.19,-0.31,337.52,357.68,0.4
-0.1,-0.19,-0.31,337.55,357.66,0.38
-0.1,-0.19,-0.31,337.55,357.65,0.39
-0.1,-0.2,-0.31,337.57,357.62,0.4
-0.1,-0.2,-0.31,337.6,357.61,0.42
-0.1,-0.2,-0.31,337.6,357.58,0.42
-0.1,-0.2,-0.31,337.63,357.59,0.37
-0.1,-0.2,-0.31,337.66,357.58,0.32
-0.1,-0.2,-0.31,337.69,357.58,0.28
-0.1,-0.2,-0.31,337.72,357.58,0.26
-0.1,-0.2,-0.31,337.75,357.63,0.24
-0.1,-0.2,-0.31,337.81,357.63,0.23
-0.1,-0.2,-0.31,337.86,357.66,0.22
-0.1,-0.2,-0.31,337.89,357.67,0.19
-0.1,-0.2,-0.31,337.93,357.69,0.18
-0.1,-0.2,-0.31,337.95,357.73,0.16
-0.1,-0.2,-0.31,337.98,357.76,0.14
-0.1,-0.2,-0.31,338.01,357.75,0.15
-0.1,-0.2,-0.31,338.02,357.75,0.13
-0.1,-0.2,-0.31,338.0,357.77,0.14
-0.1,-0.2,-0.31,337.99,357.76,0.15
-0.1,-0.2,-0.31,337.96,357.76,0.16
-0.1,-0.2,-0.31,337.95,357.75,0.13
-0.1,-0.2,-0.31,337.95,357.76,0.13
-0.1,-0.2,-0.31,337.94,357.75,0.12
-0.1,-0.2,-0.31,337.93,357.75,0.12
-0.1,-0.2,-0.31,337.9,357.74,0.12
-0.1,-0.2,-0.31,337.9,357.73,0.1
-0.1,-0.2,-0.31,337.9,357.73,0.09
-0.1,-0.2,-0.31,337.9,357.73,0.08
-0.1,-0.2,-0.31,337.92,357.73,0.07
-0.1,-0.2,-0.31,337.91,357.69,0.1
-0.1,-0.2,-0.31,337.91,357.67,0.11
-0.1,-0.2,-0.31,337.9,357.64,0.13
-0.1,-0.2,-0.31,337.88,357.6,0.15
-0.1,-0.2,-0.31,337.88,357.57,0.18
-0.1,-0.2,-0.31,337.88,357.52,0.19
-0.1,-0.2,-0.31,337.89,357.5,0.22
-0.1,-0.2,-0.31,337.89,357.48,0.24
-0.1,-0.2,-0.31,337.91,357.48,0.23
-0.1,-0.2,-0.31,337.92,357.5,0.19
-0.1,-0.2,-0.31,337.91,357.49,0.19
-0.1,-0.2,-0.31,337.91,357.46,0.18
-0.1,-0.2,-0.31,337.91,357.43,0.18
-0.1,-0.2,-0.31,337.9,357.39,0.19
-0.1,-0.2,-0.31,337.9,357.37,0.22
-0.1,-0.2,-0.31,337.9,357.33,0.24
-0.1,-0.2,-0.31,337.9,357.31,0.27
-0.1,-0.2,-0.31,337.89,357.29,0.29
-0.1,-0.2,-0.31,337.89,357.27,0.3
-0.1,-0.2,-0.31,337.9,357.25,0.31
-0.1,-0.2,-0.31,337.9,357.24,0.31
-0.1,-0.2,-0.31,337.88,357.19,0.34
-0.1,-0.2,-0.31,337.87,357.15,0.38
-0.1,-0.2,-0.31,337.85,357.12,0.4
-0.1,-0.2,-0.31,337.82,357.1,0.44
-0.1,-0.2,-0.31,337.81,357.07,0.47
-0.1,-0.2,-0.31,337.82,357.04,0.49
-0.1,-0.2,-0.31,337.81,357.03,0.51
-0.1,-0.2,-0.31,337.8,357.02,0.54
-0.1,-0.2,-0.31,337.77,357.02,0.55
-0.1,-0.2,-0.31,337.77,357.02,0.53
-0.1,-0.2,-0.31,337.79,357.05,0.49
-0.1,-0.2,-0.31,337.79,357.09,0.46
-0.1,-0.2,-0.31,337.8,357.14,0.44
-0.1,-0.2,-0.31,337.81,357.17,0.45
-0.1,-0.2,-0.31,337.84,357.19,0.47
-0.1,-0.2,-0.31,337.88,357.22,0.5
-0.1,-0.2,-0.31,337.91,357.27,0.5
-0.1,-0.2,-0.31,337.94,357.32,0.49
-0.1,-0.2,-0.31,337.98,357.38,0.49
-0.1,-0.2,-0.31,338.0,357.44,0.48
-0.1,-0.2,-0.31,338.04,357.48,0.46
-0.1,-0.2,-0.31,338.08,357.53,0.47
-0.1,-0.2,-0.31,338.14,357.57,0.45
-0.1,-0.2,-0.31,338.2,357.64,0.43
-0.1,-0.2,-0.31,338.27,357.7,0.39
-0.1,-0.2,-0.31,338.36,357.79,0.35
-0.1,-0.2,-0.31,338.43,357.87,0.29
-0.1,-0.2,-0.31,338.5,357.93,0.27
-0.1,-0.2,-0.31,338.57,357.97,0.25
-0.1,-0.2,-0.31,338.63,357.99,0.22
-0.1,-0.2,-0.31,338.69,358.03,0.21
-0.1,-0.2,-0.31,338.76,358.07,0.18
-0.1,-0.2,-0.31,338.82,358.11,0.16
-0.1,-0.2,-0.31,338.89,358.14,0.12
-0.1,-0.2,-0.31,338.93,358.18,0.09
-0.1,-0.2,-0.31,338.97,358.2,0.05
-0.1,-0.2,-0.31,339.02,358.21,0.06
-0.1,-0.2,-0.31,339.05,358.21,0.07
-0.1,-0.2,-0.31,339.11,358.18,0.09
-0.1,-0.2,-0.31,339.18,358.14,0.11
-0.1,-0.2,-0.31,339.28,358.12,0.13
-0.1,-0.2,-0.31,339.35,358.1,0.14
-0.1,-0.2,-0.31,339.44,358.06,0.16
-0.1,-0.2,-0.31,339.5,358.02,0.17
-0.1,-0.2,-0.3,339.57,357.97,0.14
-0.1,-0.2,-0.3,339.64,357.92,0.13
-0.1,-0.2,-0.3,339.71,357.86,0.09
-0.1,-0.2,-0.3,339.75,357.8,0.06
-0.1,-0.2,-0.3,339.78,357.73,0.03
-0.1,-0.2,-0.3,339.8,357.67,0.01
-0.1,-0.2,-0.3,339.82,357.59,359.99
-0.1,-0.2,-0.3,339.84,357.54,359.96
-0.1,-0.2,-0.3,339.86,357.48,359.95
-0.09,-0.2,-0.3,339.86,357.45,359.93
-0.09,-0.2,-0.3,339.88,357.41,359.91
-0.09,-0.2,-0.3,339.89,357.36,359.9
-0.09,-0.2,-0.3,339.9,357.33,359.86
-0.09,-0.2,-0.31,339.89,357.3,359.84
-0.09,-0.2,-0.31,339.9,357.28,359.81
-0.09,-0.2,-0.31,339.9,357.27,359.79
-0.09,-0.2,-0.31,339.89,357.28,359.76
-0.09,-0.2,-0.31,339.87,357.29,359.75
-0.09,-0.2,-0.31,339.83,357.33,359.77
-0.09,-0.2,-0.31,339.81,357.33,359.8
-0.09,-0.2,-0.31,339.8,357.35,359.81
-0.09,-0.2,-0.31,339.78,357.38,359.81
-0.09,-0.2,-0.31,339.76,357.43,359.78
-0.09,-0.2,-0.31,339.74,357.48,359.74
-0.09,-0.2,-0.31,339.72,357.53,359.68
-0.09,-0.2,-0.31,339.7,357.56,359.63
-0.09,-0.2,-0.31,339.69,357.62,359.59
-0.09,-0.2,-0.31,339.68,357.65,359.56
-0.09,-0.2,-0.31,339.66,357.69,359.53
-0.09,-0.2,-0.31,339.64,357.73,359.5
-0.09,-0.2,-0.31,339.61,357.77,359.46
-0.09,-0.2,-0.31,339.58,357.8,359.43
-0.09,-0.2,-0.31,339.54,357.82,359.4
-0.09,-0.2,-0.31,339.51,357.82,359.38
-0.09,-0.2,-0.31,339.48,357.83,359.36
-0.09,-0.2,-0.31,339.47,357.83,359.35
-0.09,-0.2,-0.31,339.46,357.83,359.34
-0.09,-0.2,-0.31,339.44,357.83,359.35
-0.09,-0.2,-0.31,339.44,357.81,359.36
-0.09,-0.2,-0.31,339.41,357.79,359.39
-0.09,-0.2,-0.31,339.41,357.75,359.4
-0.09,-0.2,-0.31,339.39,357.73,359.43
-0.09,-0.2,-0.31,339.39,357.71,359.42
-0.09,-0.2,-0.31,339.38,357.68,359.41
-0.09,-0.2,-0.31,339.36,357.64,359.41
-0.09,-0.2,-0.31,339.35,357.61,359.42
-0.09,-0.2,-0.31,339.3,357.58,359.45
-0.09,-0.2,-0.31,339.28,357.54,359.5
-0.09,-0.2,-0.31,339.25,357.48,359.59
-0.09,-0.2,-0.31,339.22,357.42,359.66
-0.09,-0.2,-0.31,339.19,357.36,359.73
-0.09,-0.2,-0.31,339.17,357.3,359.77
-0.1,-0.2,-0.31,339.16,357.22,359.83
-0.1,-0.2,-0.31,339.15,357.16,359.86
-0.1,-0.2,-0.31,339.15,357.05,359.89
-0.1,-0.2,-0.31,339.16,356.92,359.95
-0.1,-0.2,-0.31,339.19,356.77,0.02
-0.1,-0.2,-0.31,339.26,356.62,0.08
-0.1,-0.2,-0.31,339.34,356.45,0.16
-0.1,-0.2,-0.31,339.42,356.28,0.24
-0.1,-0.2,-0.31,339.48,356.12,0.31
-0.1,-0.2,-0.31,339.55,355.95,0.38
-0.1,-0.2,-0.31,339.63,355.77,0.45
-0.1,-0.2,-0.31,339.72,355.6,0.54
-0.1,-0.2,-0.31,339.82,355.43,0.63
-0.1,-0.2,-0.31,339.91,355.27,0.72
-0.1,-0.2,-0.31,340.0,355.12,0.79
-0.1,-0.2,-0.31,340.12,354.97,0.88
-0.1,-0.2,-0.31,340.24,354.86,0.95
-0.1,-0.2,-0.31,340.35,354.78,1.01
-0.1,-0.2,-0.31,340.45,354.72,1.07
-0.1,-0.2,-0.31,340.54,354.65,1.12
-0.1,-0.2,-0.31,340.61,354.64,1.14
-0.1,-0.2,-0.31,340.69,354.61,1.16
-0.1,-0.2,-0.31,340.77,354.62,1.16
-0.1,-0.2,-0.31,340.84,354.62,1.16
-0.1,-0.2,-0.31,340.88,354.62,1.12
-0.1,-0.2,-0.31,340.91,354.66,1.08
-0.1,-0.2,-0.31,340.91,354.71,1.04
-0.1,-0.2,-0.3,340.89,354.77,1.03
-0.1,-0.2,-0.31,340.9,354.85,1.01
-0.1,-0.2,-0.3,340.91,354.94,0.99
-0.1,-0.2,-0.3,340.94,355.04,0.97
-0.1,-0.2,-0.3,340.97,355.14,0.96
-0.1,-0.2,-0.3,340.99,355.24,0.94
-0.1,-0.2,-0.3,340.98,355.34,0.91
-0.1,-0.2,-0.3,340.98,355.42,0.89
-0.1,-0.2,-0.3,340.95,355.52,0.88
-0.1,-0.2,-0.3,340.94,355.57,0.88
-0.1,-0.2,-0.3,340.94,355.62,0.87
-0.1,-0.2,-0.3,340.96,355.68,0.88
-0.1,-0.2,-0.3,340.98,355.74,0.86
-0.1,-0.2,-0.3,341.03,355.79,0.83
-0.1,-0.2,-0.3,341.08,355.83,0.79
-0.1,-0.2,-0.3,341.13,355.85,0.8
-0.1,-0.2,-0.3,341.18,355.85,0.77
-0.1,-0.2,-0.3,341.21,355.82,0.78
-0.1,-0.2,-0.3,341.24,355.8,0.78
-0.1,-0.2,-0.3,341.27,355.77,0.78
-0.1,-0.2,-0.3,341.32,355.74,0.76
-0.1,-0.2,-0.3,341.36,355.7,0.76
-0.1,-0.2,-0.3,341.42,355.66,0.76
-0.1,-0.2,-0.3,341.46,355.61,0.78
-0.1,-0.2,-0.3,341.49,355.55,0.8
-0.1,-0.2,-0.3,341.5,355.5,0.83
-0.1,-0.2,-0.3,341.51,355.47,0.86
-0.1,-0.2,-0.3,341.52,355.43,0.89
-0.1,-0.2,-0.3,341.54,355.4,0.91
-0.1,-0.2,-0.3,341.56,355.38,0.93
-0.1,-0.2,-0.3,341.58,355.38,0.94
-0.1,-0.2,-0.3,341.58,355.39,0.92
-0.1,-0.2,-0.3,341.57,355.41,0.89
-0.1,-0.2,-0.3,341.55,355.42,0.88
-0.1,-0.2,-0.3,341.54,355.45,0.87
-0.1,-0.2,-0.3,341.54,355.48,0.84
-0.1,-0.2,-0.3,341.54,355.52,0.81
-0.1,-0.2,-0.3,341.53,355.55,0.79
-0.1,-0.2,-0.3,341.51,355.59,0.77
-0.1,-0.2,-0.3,341.5,355.62,0.74
-0.1,-0.2,-0.3,341.48,355.67,0.71
-0.1,-0.2,-0.3,341.47,355.68,0.67
-0.1,-0.2,-0.3,341.46,355.73,0.62
-0.1,-0.2,-0.3,341.46,355.75,0.6
-0.1,-0.2,-0.3,341.43,355.78,0.55
-0.1,-0.2,-0.3,341.41,355.8,0.52
-0.1,-0.2,-0.3,341.4,355.83,0.48
-0.1,-0.2,-0.3,341.38,355.81,0.47
-0.1,-0.2,-0.3,341.39,355.77,0.47
-0.1,-0.2,-0.3,341.38,355.76,0.47
-0.1,-0.2,-0.3,341.38,355.74,0.43
-0.1,-0.2,-0.3,341.39,355.72,0.39
-0.1,-0.2,-0.3,341.41,355.72,0.36
-0.1,-0.2,-0.3,341.43,355.7,0.36
-0.1,-0.2,-0.3,341.46,355.66,0.38
-0.1,-0.2,-0.3,341.49,355.61,0.43
-0.1,-0.2,-0.3,341.49,355.59,0.47
-0.1,-0.2,-0.3,341.51,355.54,0.5
-0.1,-0.2,-0.3,341.52,355.51,0.51
-0.1,-0.2,-0.3,341.52,355.48,0.55
-0.1,-0.2,-0.3,341.5,355.44,0.57
-0.1,-0.2,-0.3,341.5,355.4,0.61
-0.1,-0.2,-0.3,341.49,355.36,0.63
-0.1,-0.2,-0.3,341.48,355.31,0.63
-0.1,-0.2,-0.3,341.47,355.3,0.65
-0.1,-0.2,-0.3,341.46,355.27,0.65
-0.1,-0.2,-0.3,341.46,355.26,0.67
-0.1,-0.2,-0.3,341.45,355.23,0.69
-0.1,-0.2,-0.3,341.44,355.22,0.7
-0.1,-0.2,-0.3,341.41,355.2,0.73
-0.1,-0.2,-0.3,341.38,355.2,0.74
-0.1,-0.2,-0.3,341.36,355.2,0.73
-0.1,-0.2,-0.3,341.31,355.23,0.74
-0.1,-0.2,-0.3,341.29,355.24,0.74
-0.1,-0.2,-0.3,341.25,355.24,0.72
-0.1,-0.2,-0.3,341.19,355.22,0.74
-0.1,-0.2,-0.3,341.16,355.2,0.73
-0.1,-0.2,-0.3,341.12,355.18,0.74
-0.1,-0.2,-0.31,341.09,355.11,0.73
-0.1,-0.2,-0.3,341.08,355.0,0.73
-0.1,-0.2,-0.31,341.08,354.86,0.69
-0.1,-0.2,-0.31,341.08,354.66,0.66
-0.1,-0.2,-0.31,341.11,354.41,0.61
-0.1,-0.2,-0.31,341.13,354.1,0.55
-0.1,-0.2,-0.31,341.17,353.8,0.5
-0.1,-0.2,-0.31,341.19,353.45,0.45
-0.1,-0.2,-0.31,341.21,353.07,0.41
-0.1,-0.2,-0.31,341.23,352.68,0.38
-0.1,-0.2,-0.31,341.26,352.23,0.34
-0.1,-0.2,-0.31,341.3,351.7,0.29
-0.1,-0.2,-0.31,341.35,351.11,0.24
-0.1,-0.2,-0.31,341.38,350.45,0.21
-0.1,-0.2,-0.31,341.41,349.69,0.19
-0.1,-0.2,-0.31,341.42,348.91,0.17
-0.1,-0.2,-0.31,341.42,348.06,0.19
-0.11,-0.2,-0.31,341.42,347.17,0.2
-0.11,-0.2,-0.31,341.43,346.19,0.28
-0.11,-0.2,-0.31,341.45,345.13,0.35
-0.11,-0.2,-0.31,341.5,343.98,0.46
-0.11,-0.2,-0.31,341.52,342.74,0.55
-0.11,-0.2,-0.31,341.52,341.37,0.65
-0.11,-0.2,-0.31,341.51,339.99,0.73
-0.11,-0.2,-0.31,341.49,338.54,0.83
-0.11,-0.2,-0.31,341.44,337.09,0.95
-0.11,-0.2,-0.31,341.43,335.61,1.11
-0.11,-0.2,-0.31,341.39,334.07,1.34
-0.11,-0.2,-0.31,341.34,332.49,1.63
-0.11,-0.2,-0.31,341.3,330.84,1.97
-0.12,-0.2,-0.31,341.32,329.15,2.31
-0.12,-0.2,-0.32,341.4,327.44,2.65
-0.12,-0.2,-0.32,341.49,325.72,2.99
-0.12,-0.2,-0.32,341.58,323.99,3.36
-0.12,-0.2,-0.32,341.7,322.26,3.77
-0.12,-0.2,-0.32,341.85,320.53,4.19
-0.12,-0.2,-0.32,342.03,318.78,4.66
-0.13,-0.2,-0.33,342.2,317.02,5.09
-0.13,-0.2,-0.33,342.39,315.29,5.51
-0.13,-0.2,-0.33,342.56,313.58,5.94
-0.13,-0.2,-0.33,342.68,311.96,6.39
-0.13,-0.2,-0.33,342.87,310.4,6.83
-0.13,-0.2,-0.33,343.03,308.93,7.22
-0.13,-0.2,-0.34,343.2,307.54,7.56
-0.13,-0.2,-0.34,343.36,306.18,7.85
-0.13,-0.2,-0.34,343.5,304.91,8.11
-0.13,-0.2,-0.34,343.61,303.65,8.36
-0.13,-0.2,-0.34,343.69,302.53,8.62
-0.14,-0.2,-0.34,343.71,301.5,8.9
-0.14,-0.2,-0.35,343.73,300.57,9.16
-0.14,-0.2,-0.35,343.78,299.77,9.38
-0.14,-0.2,-0.35,343.81,299.08,9.56
-0.14,-0.2,-0.35,343.89,298.51,9.66
-0.14,-0.2,-0.35,343.99,297.98,9.75
-0.14,-0.2,-0.35,344.08,297.53,9.8
-0.14,-0.2,-0.35,344.19,297.08,9.84
-0.14,-0.2,-0.35,344.2,296.81,9.89
-0.14,-0.2,-0.35,344.19,296.57,9.94
-0.14,-0.2,-0.35,344.17,296.47,9.95
-0.14,-0.2,-0.35,344.21,296.38,9.9
-0.14,-0.2,-0.35,344.2,296.42,9.85
-0.14,-0.2,-0.35,344.21,296.4,9.83
-0.14,-0.2,-0.35,344.19,296.44,9.79
-0.14,-0.2,-0.35,344.2,296.52,9.72
-0.14,-0.2,-0.35,344.17,296.62,9.69
-0.14,-0.2,-0.35,344.08,296.8,9.69
-0.14,-0.2,-0.35,344.02,297.0,9.68
-0.14,-0.2,-0.35,343.92,297.29,9.73
-0.14,-0.2,-0.35,343.85,297.57,9.77
-0.14,-0.2,-0.35,343.76,297.91,9.79
-0.14,-0.2,-0.35,343.67,298.27,9.79
-0.14,-0.2,-0.35,343.56,298.7,9.79
-0.14,-0.2,-0.35,343.46,299.23,9.77
-0.13,-0.2,-0.35,343.35,299.92,9.76
-0.13,-0.2,-0.35,343.25,300.7,9.85
-0.13,-0.2,-0.35,343.13,301.73,9.91
-0.13,-0.2,-0.35,343.03,302.9,9.97
-0.13,-0.2,-0.35,342.92,304.08,9.97
-0.13,-0.2,-0.35,342.77,305.35,9.96
-0.13,-0.2,-0.35,342.64,306.67,9.9
-0.13,-0.2,-0.34,342.5,308.12,9.9
-0.13,-0.2,-0.34,342.36,309.68,9.95
-0.13,-0.2,-0.34,342.25,311.29,10.05
-0.13,-0.2,-0.34,342.12,312.96,10.11
-0.13,-0.2,-0.34,342.0,314.62,10.11
-0.13,-0.2,-0.34,341.86,316.3,10.06
-0.12,-0.2,-0.34,341.73,317.98,9.96
-0.12,-0.2,-0.33,341.58,319.69,9.88
-0.12,-0.2,-0.33,341.44,321.41,9.82
-0.12,-0.2,-0.33,341.28,323.17,9.77
-0.12,-0.2,-0.33,341.11,324.96,9.64
-0.12,-0.2,-0.33,340.89,326.78,9.47
-0.11,-0.2,-0.33,340.67,328.57,9.33
-0.11,-0.2,-0.32,340.43,330.39,9.16
-0.11,-0.2,-0.32,340.18,332.08,8.93
-0.11,-0.2,-0.32,339.94,333.72,8.67
-0.11,-0.2,-0.33,339.69,335.4,8.46
-0.11,-0.2,-0.32,339.45,336.96,8.24
-0.11,-0.2,-0.32,339.25,338.44,8.07
-0.1,-0.2,-0.32,339.02,339.84,7.86
-0.1,-0.2,-0.32,338.8,341.07,7.62
-0.1,-0.2,-0.32,338.6,342.2,7.34
-0.1,-0.2,-0.32,338.44,343.03,7.02
-0.1,-0.2,-0.32,338.32,343.76,6.73
-0.1,-0.2,-0.32,338.2,344.38,6.5
-0.1,-0.2,-0.32,338.11,344.92,6.37
-0.1,-0.2,-0.32,338.03,345.38,6.33
-0.1,-0.2,-0.32,337.93,345.81,6.31
-0.1,-0.2,-0.32,337.82,346.08,6.24
-0.1,-0.2,-0.32,337.72,346.26,6.13
-0.1,-0.2,-0.32,337.64,346.28,5.97
-0.1,-0.2,-0.32,337.57,346.24,5.85
-0.1,-0.19,-0.32,337.51,346.12,5.73
-0.1,-0.19,-0.32,337.42,345.98,5.66
-0.1,-0.19,-0.33,337.31,345.82,5.59
-0.1,-0.19,-0.33,337.17,345.62,5.53
-0.1,-0.19,-0.33,336.98,345.41,5.5
-0.1,-0.19,-0.33,336.72,345.16,5.5
-0.1,-0.19,-0.33,336.4,344.88,5.53
-0.1,-0.19,-0.33,336.02,344.57,5.59
-0.1,-0.19,-0.33,335.6,344.27,5.66
-0.11,-0.19,-0.33,335.17,343.98,5.74
-0.11,-0.19,-0.33,334.77,343.72,5.83
-0.11,-0.19,-0.33,334.42,343.55,5.92
-0.11,-0.19,-0.33,334.09,343.36,6.01
-0.11,-0.19,-0.33,333.76,343.22,6.11
-0.11,-0.19,-0.33,333.43,343.05,6.24
-0.11,-0.19,-0.33,333.12,342.91,6.37
-0.11,-0.19,-0.33,332.83,342.74,6.49
-0.11,-0.19,-0.33,332.55,342.57,6.66
-0.11,-0.19,-0.33,332.32,342.41,6.79
-0.11,-0.19,-0.33,332.1,342.29,6.91
-0.11,-0.19,-0.34,331.93,342.18,7.0
-0.11,-0.19,-0.34,331.78,342.06,7.1
-0.11,-0.19,-0.34,331.65,341.94,7.21
-0.11,-0.19,-0.34,331.56,341.83,7.35
-0.11,-0.19,-0.34,331.51,341.68,7.54
-0.11,-0.19,-0.34,331.5,341.54,7.71
-0.11,-0.19,-0.34,331.5,341.42,7.88
-0.11,-0.19,-0.34,331.51,341.35,8.01
-0.11,-0.19,-0.34,331.52,341.31,8.1
-0.12,-0.19,-0.34,331.51,341.31,8.18
-0.12,-0.19,-0.34,331.5,341.34,8.26
-0.12,-0.19,-0.34,331.49,341.43,8.3
-0.12,-0.19,-0.34,331.49,341.63,8.28
-0.12,-0.19,-0.34,331.48,341.92,8.25
-0.12,-0.19,-0.34,331.45,342.32,8.23
-0.11,-0.19,-0.34,331.41,342.87,8.19
-0.11,-0.19,-0.34,331.34,343.55,8.14
-0.11,-0.19,-0.34,331.26,344.23,8.07
-0.11,-0.19,-0.34,331.12,344.98,7.98
-0.11,-0.19,-0.34,330.95,345.76,7.84
-0.11,-0.19,-0.34,330.76,346.56,7.66
-0.11,-0.19,-0.34,330.58,347.39,7.44
-0.11,-0.19,-0.34,330.37,348.3,7.2
-0.11,-0.19,-0.34,330.18,349.24,6.98
-0.11,-0.19,-0.34,329.98,350.17,6.76
-0.11,-0.19,-0.34,329.77,351.09,6.56
-0.11,-0.19,-0.34,329.58,352.0,6.32
-0.11,-0.19,-0.34,329.37,352.86,6.06
-0.1,-0.19,-0.34,329.17,353.68,5.78
-0.1,-0.19,-0.34,328.99,354.51,5.45
-0.1,-0.19,-0.34,328.83,355.32,5.1
-0.1,-0.19,-0.35,328.69,356.1,4.77
-0.1,-0.19,-0.35,328.55,356.87,4.45
-0.1,-0.19,-0.35,328.42,357.6,4.13
-0.1,-0.19,-0.35,328.31,358.3,3.79
-0.1,-0.19,-0.35,328.22,358.98,3.39
-0.1,-0.19,-0.35,328.14,359.67,2.9
-0.1,-0.19,-0.34,328.08,0.39,2.38
-0.09,-0.19,-0.34,328.07,1.15,1.76
-0.09,-0.19,-0.34,328.06,1.95,1.13
-0.09,-0.19,-0.34,328.08,2.75,0.5
-0.09,-0.19,-0.34,328.1,3.55,359.9
-0.09,-0.19,-0.34,328.11,4.36,359.35
-0.09,-0.19,-0.34,328.13,5.13,358.89
-0.09,-0.19,-0.34,328.17,5.9,358.45
-0.09,-0.19,-0.34,328.24,6.61,358.09
-0.09,-0.19,-0.34,328.32,7.33,357.76
-0.08,-0.19,-0.34,328.44,7.99,357.5
-0.08,-0.19,-0.34,328.56,8.68,357.22
-0.08,-0.19,-0.34,328.71,9.32,356.94
-0.08,-0.19,-0.34,328.82,9.93,356.64
-0.08,-0.19,-0.34,328.96,10.49,356.34
-0.08,-0.19,-0.34,329.06,11.03,356.02
-0.08,-0.19,-0.34,329.15,11.52,355.77
-0.08,-0.19,-0.34,329.27,11.98,355.54
-0.08,-0.19,-0.34,329.37,12.43,355.31
-0.07,-0.19,-0.34,329.49,12.85,355.08
-0.07,-0.19,-0.34,329.58,13.23,354.85
-0.07,-0.19,-0.34,329.68,13.58,354.64
-0.07,-0.19,-0.34,329.77,13.86,354.44
-0.07,-0.19,-0.34,329.85,14.06,354.28
-0.07,-0.19,-0.34,329.95,14.27,354.12
-0.07,-0.19,-0.34,330.03,14.46,353.98
-0.07,-0.19,-0.34,330.15,14.66,353.82
-0.07,-0.19,-0.34,330.25,14.84,353.68
-0.07,-0.19,-0.34,330.33,15.0,353.53
-0.07,-0.19,-0.34,330.35,15.13,353.41
-0.07,-0.19,-0.34,330.38,15.23,353.28
-0.07,-0.19,-0.34,330.43,15.3,353.17
-0.07,-0.19,-0.34,330.49,15.33,353.08
-0.07,-0.19,-0.34,330.55,15.37,353.01
-0.07,-0.19,-0.34,330.63,15.38,352.94
-0.07,-0.19,-0.34,330.71,15.38,352.9
-0.07,-0.19,-0.34,330.76,15.34,352.88
-0.07,-0.19,-0.34,330.8,15.27,352.87
-0.07,-0.19,-0.34,330.83,15.15,352.89
-0.07,-0.19,-0.34,330.84,15.03,352.9
-0.07,-0.19,-0.34,330.89,14.9,352.89
-0.07,-0.19,-0.34,330.94,14.77,352.9
-0.07,-0.19,-0.34,331.01,14.62,352.87
-0.07,-0.19,-0.34,331.06,14.44,352.9
-0.07,-0.19,-0.34,331.11,14.26,352.93
-0.07,-0.19,-0.34,331.15,14.05,352.98
-0.07,-0.19,-0.34,331.21,13.82,353.08
-0.07,-0.19,-0.34,331.23,13.59,353.12
-0.07,-0.19,-0.34,331.27,13.33,353.19
-0.07,-0.19,-0.34,331.3,13.08,353.24
-0.07,-0.19,-0.34,331.36,12.83,353.28
-0.07,-0.19,-0.34,331.41,12.59,353.32
-0.07,-0.19,-0.34,331.47,12.33,353.34
-0.07,-0.19,-0.34,331.56,12.08,353.35
-0.07,-0.19,-0.34,331.61,11.83,353.36
-0.07,-0.19,-0.34,331.68,11.56,353.35
-0.07,-0.19,-0.34,331.77,11.28,353.34
-0.07,-0.19,-0.34,331.85,11.03,353.27
-0.07,-0.19,-0.34,331.92,10.81,353.21
-0.07,-0.19,-0.34,332.01,10.55,353.16
-0.07,-0.19,-0.34,332.09,10.28,353.12
-0.07,-0.19,-0.34,332.14,9.98,353.12
-0.07,-0.19,-0.33,332.18,9.63,353.17
-0.07,-0.19,-0.33,332.2,9.23,353.24
-0.07,-0.19,-0.33,332.18,8.8,353.33
-0.07,-0.19,-0.33,332.14,8.36,353.44
-0.07,-0.19,-0.33,332.09,7.94,353.55
-0.07,-0.19,-0.33,332.04,7.52,353.61
-0.07,-0.19,-0.33,332.0,7.15,353.66
-0.08,-0.19,-0.33,331.94,6.77,353.72
-0.08,-0.19,-0.33,331.88,6.4,353.78
-0.08,-0.19,-0.33,331.82,6.03,353.86
-0.08,-0.19,-0.33,331.75,5.67,353.94
-0.08,-0.19,-0.33,331.68,5.32,354.0
-0.08,-0.19,-0.33,331.64,4.98,354.03
-0.08,-0.19,-0.33,331.59,4.69,354.04
-0.08,-0.19,-0.33,331.58,4.41,354.06
-0.08,-0.19,-0.33,331.58,4.19,354.07
-0.08,-0.19,-0.33,331.58,3.94,354.11
-0.08,-0.19,-0.33,331.59,3.76,354.16
-0.08,-0.19,-0.33,331.6,3.55,354.21
-0.08,-0.19,-0.33,331.61,3.37,354.26
-0.08,-0.19,-0.33,331.64,3.21,354.28
-0.08,-0.19,-0.33,331.68,3.11,354.3
-0.08,-0.19,-0.33,331.73,3.01,354.3
-0.08,-0.19,-0.33,331.79,2.97,354.3
-0.08,-0.19,-0.33,331.86,2.95,354.28
-0.08,-0.19,-0.33,331.93,2.93,354.27
-0.08,-0.19,-0.33,331.98,2.94,354.26
-0.08,-0.19,-0.33,332.03,2.96,354.24
-0.08,-0.19,-0.33,332.1,3.0,354.23
-0.08,-0.19,-0.33,332.16,3.06,354.22
-0.08,-0.19,-0.33,332.21,3.12,354.23
-0.08,-0.19,-0.33,332.26,3.18,354.23
-0.08,-0.19,-0.33,332.29,3.27,354.21
-0.08,-0.19,-0.33,332.33,3.38,354.18
-0.08,-0.19,-0.33,332.37,3.47,354.14
-0.08,-0.19,-0.33,332.41,3.56,354.09
-0.08,-0.19,-0.33,332.44,3.66,354.07
-0.08,-0.19,-0.33,332.45,3.75,354.07
-0.08,-0.19,-0.33,332.48,3.81,354.09
-0.08,-0.19,-0.33,332.5,3.85,354.12
-0.08,-0.19,-0.33,332.53,3.89,354.14
-0.08,-0.19,-0.33,332.57,3.92,354.15
-0.08,-0.19,-0.33,332.6,3.95,354.16
-0.08,-0.19,-0.33,332.64,3.98,354.15
-0.08,-0.19,-0.33,332.68,4.0,354.17
-0.08,-0.19,-0.33,332.72,4.01,354.19
-0.08,-0.19,-0.33,332.75,4.0,354.19
-0.08,-0.19,-0.33,332.77,4.01,354.19
-0.08,-0.19,-0.33,332.8,4.01,354.18
-0.08,-0.19,-0.33,332.84,4.01,354.21
-0.08,-0.19,-0.33,332.89,3.99,354.23
-0.08,-0.19,-0.33,332.94,3.98,354.26
-0.08,-0.19,-0.33,333.01,3.97,354.28
-0.08,-0.19,-0.33,333.07,3.96,354.32
-0.08,-0.19,-0.33,333.13,3.95,354.35
-0.08,-0.19,-0.33,333.21,3.95,354.37
-0.08,-0.19,-0.33,333.29,3.96,354.39
-0.08,-0.19,-0.33,333.36,3.97,354.42
-0.08,-0.19,-0.33,333.44,3.96,354.42
-0.08,-0.19,-0.33,333.49,3.96,354.43
-0.08,-0.19,-0.33,333.53,3.96,354.43
-0.08,-0.19,-0.32,333.58,3.96,354.45
-0.08,-0.19,-0.33,333.63,3.97,354.48
-0.08,-0.19,-0.33,333.68,3.97,354.51
-0.08,-0.19,-0.33,333.72,3.97,354.53
-0.08,-0.19,-0.32,333.77,3.97,354.55
-0.08,-0.19,-0.32,333.81,3.98,354.54
-0.08,-0.19,-0.32,333.87,4.01,354.53
-0.08,-0.19,-0.32,333.91,4.03,354.52
-0.08,-0.19,-0.32,333.95,4.0,354.55
-0.08,-0.19,-0.32,333.98,4.0,354.6
-0.08,-0.19,-0.32,334.02,3.99,354.64
-0.08,-0.19,-0.32,334.05,3.98,354.67
-0.08,-0.19,-0.32,334.09,3.99,354.7
-0.08,-0.19,-0.32,334.13,3.98,354.72
-0.08,-0.19,-0.32,334.16,3.98,354.73
-0.08,-0.19,-0.32,334.17,4.0,354.71
-0.08,-0.19,-0.32,334.19,3.98,354.73
-0.08,-0.19,-0.32,334.22,3.98,354.74
-0.08,-0.19,-0.32,334.23,3.97,354.74
-0.08,-0.19,-0.32,334.26,3.96,354.75
-0.08,-0.19,-0.32,334.3,3.95,354.75
-0.08,-0.19,-0.32,334.33,3.95,354.76
-0.08,-0.19,-0.32,334.37,3.92,354.77
-0.08,-0.19,-0.32,334.41,3.89,354.8
-0.08,-0.19,-0.32,334.43,3.85,354.82
-0.08,-0.19,-0.32,334.44,3.78,354.85
-0.08,-0.19,-0.32,334.46,3.7,354.86
-0.08,-0.19,-0.32,334.48,3.59,354.88
-0.08,-0.19,-0.32,334.47,3.45,354.89
-0.08,-0.19,-0.32,334.46,3.26,354.93
-0.08,-0.19,-0.32,334.44,3.03,354.99
-0.08,-0.19,-0.32,334.39,2.72,355.09
-0.08,-0.19,-0.32,334.32,2.35,355.24
-0.08,-0.19,-0.32,334.21,1.96,355.4
-0.08,-0.19,-0.32,334.08,1.5,355.6
-0.08,-0.19,-0.32,333.9,1.01,355.83
-0.08,-0.19,-0.32,333.73,0.48,356.09
-0.08,-0.19,-0.32,333.57,359.96,356.34
-0.08,-0.19,-0.32,333.43,359.42,356.58
-0.08,-0.19,-0.32,333.31,358.9,356.78
-0.08,-0.19,-0.32,333.23,358.42,356.96
-0.08,-0.19,-0.32,333.16,357.96,357.12
-0.09,-0.19,-0.32,333.08,357.5,357.28
-0.09,-0.19,-0.33,333.01,357.08,357.41
-0.09,-0.19,-0.33,332.94,356.67,357.55
-0.09,-0.19,-0.33,332.92,356.29,357.71
-0.09,-0.19,-0.33,332.85,355.9,357.87
-0.09,-0.19,-0.33,332.81,355.53,358.04
-0.09,-0.19,-0.33,332.76,355.19,358.19
-0.09,-0.19,-0.33,332.71,354.89,358.32
-0.09,-0.19,-0.33,332.68,354.6,358.46
-0.09,-0.19,-0.33,332.64,354.34,358.6
-0.09,-0.19,-0.33,332.59,354.1,358.74
-0.09,-0.19,-0.33,332.57,353.86,358.87
-0.09,-0.19,-0.33,332.55,353.6,359.01
-0.09,-0.19,-0.33,332.52,353.36,359.13
-0.09,-0.19,-0.33,332.5,353.15,359.22
-0.09,-0.19,-0.33,332.48,352.94,359.31
-0.09,-0.19,-0.33,332.46,352.74,359.39
-0.09,-0.19,-0.33,332.44,352.55,359.48
-0.09,-0.19,-0.33,332.43,352.39,359.57
-0.09,-0.19,-0.33,332.42,352.23,359.63
-0.09,-0.19,-0.33,332.42,352.05,359.71
-0.1,-0.19,-0.33,332.41,351.88,359.74
-0.1,-0.19,-0.33,332.42,351.7,359.78
-0.1,-0.19,-0.33,332.41,351.54,359.82
-0.1,-0.19,-0.33,332.41,351.43,359.89
-0.1,-0.19,-0.33,332.43,351.31,359.95
-0.1,-0.19,-0.33,332.45,351.18,0.03
-0.1,-0.19,-0.33,332.48,351.04,0.11
-0.1,-0.19,-0.33,332.5,350.91,0.23
-0.1,-0.19,-0.33,332.51,350.78,0.37
-0.1,-0.19,-0.33,332.51,350.66,0.53
-0.1,-0.19,-0.33,332.5,350.57,0.66
-0.1,-0.19,-0.33,332.49,350.51,0.74
-0.1,-0.19,-0.33,332.5,350.47,0.74
-0.1,-0.19,-0.33,332.53,350.46,0.74
-0.1,-0.19,-0.33,332.57,350.46,0.73
-0.1,-0.19,-0.33,332.6,350.48,0.74
-0.1,-0.19,-0.33,332.66,350.48,0.76
-0.1,-0.19,-0.33,332.72,350.48,0.8
-0.1,-0.19,-0.33,332.78,350.47,0.83
-0.1,-0.19,-0.33,332.8,350.47,0.87
-0.1,-0.19,-0.33,332.84,350.48,0.89
-0.1,-0.19,-0.33,332.86,350.49,0.9
-0.1,-0.19,-0.33,332.86,350.51,0.9
-0.1,-0.19,-0.33,332.88,350.54,0.89
-0.1,-0.19,-0.33,332.88,350.59,0.88
-0.1,-0.19,-0.33,332.89,350.65,0.86
-0.1,-0.19,-0.33,332.88,350.71,0.83
-0.1,-0.19,-0.33,332.89,350.8,0.79
-0.1,-0.19,-0.33,332.9,350.89,0.75
-0.1,-0.19,-0.33,332.93,350.98,0.73
-0.1,-0.19,-0.33,332.95,351.08,0.69
-0.1,-0.19,-0.33,332.98,351.18,0.66
-0.1,-0.19,-0.33,333.0,351.28,0.64
-0.1,-0.19,-0.33,333.01,351.38,0.61
-0.1,-0.19,-0.33,333.03,351.49,0.59
-0.1,-0.19,-0.33,333.04,351.57,0.58
-0.1,-0.19,-0.33,333.06,351.66,0.6
-0.1,-0.19,-0.32,333.09,351.73,0.64
-0.1,-0.19,-0.32,333.08,351.81,0.66
-0.1,-0.19,-0.32,333.11,351.88,0.68
-0.1,-0.19,-0.32,333.12,351.95,0.68
-0.1,-0.19,-0.32,333.15,352.03,0.66
-0.1,-0.19,-0.32,333.17,352.11,0.62
-0.1,-0.19,-0.32,333.2,352.19,0.59
-0.1,-0.19,-0.32,333.22,352.26,0.56
-0.1,-0.19,-0.32,333.25,352.33,0.53
-0.1,-0.19,-0.32,333.28,352.38,0.53
-0.1,-0.19,-0.32,333.31,352.43,0.52
-0.1,-0.19,-0.32,333.35,352.48,0.5
-0.1,-0.19,-0.32,333.37,352.53,0.48
-0.1,-0.19,-0.32,333.41,352.58,0.46
-0.1,-0.19,-0.32,333.45,352.64,0.44
-0.1,-0.19,-0.32,333.48,352.69,0.42
-0.1,-0.19,-0.32,333.52,352.74,0.41
-0.1,-0.19,-0.32,333.54,352.79,0.39
-0.1,-0.19,-0.32,333.55,352.83,0.37
-0.1,-0.19,-0.32,333.56,352.88,0.35
-0.1,-0.19,-0.32,333.56,352.93,0.33
-0.1,-0.19,-0.32,333.57,352.98,0.32
-0.1,-0.19,-0.32,333.56,353.01,0.33
-0.1,-0.19,-0.32,333.55,353.06,0.32
-0.1,-0.19,-0.32,333.54,353.11,0.3
-0.1,-0.19,-0.32,333.54,353.16,0.26
-0.09,-0.19,-0.32,333.54,353.2,0.22
-0.09,-0.19,-0.32,333.55,353.25,0.18
-0.09,-0.19,-0.32,333.54,353.29,0.16
-0.09,-0.19,-0.32,333.53,353.36,0.16
-0.09,-0.19,-0.32,333.54,353.38,0.16
-0.09,-0.19,-0.32,333.55,353.41,0.17
-0.09,-0.19,-0.32,333.56,353.44,0.16
-0.09,-0.19,-0.32,333.58,353.48,0.13
-0.09,-0.19,-0.32,333.59,353.51,0.1
-0.09,-0.19,-0.32,333.58,353.57,0.1
-0.09,-0.19,-0.32,333.59,353.61,0.09
-0.09,-0.19,-0.32,333.6,353.65,0.07
-0.09,-0.19,-0.32,333.61,353.71,0.05
-0.09,-0.19,-0.32,333.61,353.77,0.0
-0.09,-0.19,-0.32,333.62,353.84,359.97
-0.09,-0.19,-0.32,333.63,353.91,359.93
-0.09,-0.19,-0.32,333.64,353.97,359.9
-0.09,-0.19,-0.32,333.66,354.04,359.87
-0.09,-0.19,-0.32,333.68,354.09,359.86
-0.09,-0.19,-0.32,333.66,354.14,359.85
-0.09,-0.19,-0.32,333.66,354.18,359.85
-0.09,-0.19,-0.32,333.65,354.26,359.83
-0.09,-0.19,-0.32,333.63,354.32,359.81
-0.09,-0.19,-0.32,333.62,354.37,359.79
-0.09,-0.19,-0.32,333.61,354.42,359.77
-0.09,-0.19,-0.32,333.58,354.46,359.76
-0.09,-0.19,-0.32,333.58,354.5,359.73
-0.09,-0.19,-0.32,333.57,354.52,359.73
-0.09,-0.19,-0.32,333.56,354.55,359.72
-0.09,-0.19,-0.32,333.56,354.57,359.71
-0.09,-0.19,-0.32,333.56,354.6,359.71
-0.09,-0.19,-0.32,333.56,354.63,359.69
-0.09,-0.19,-0.32,333.57,354.64,359.7
-0.09,-0.19,-0.32,333.58,354.65,359.7
-0.09,-0.19,-0.32,333.58,354.65,359.7
-0.09,-0.19,-0.32,333.6,354.63,359.7
-0.09,-0.19,-0.32,333.61,354.61,359.71
-0.09,-0.19,-0.32,333.63,354.58,359.71
-0.09,-0.19,-0.32,333.64,354.56,359.71
-0.09,-0.19,-0.32,333.64,354.56,359.69
-0.09,-0.19,-0.32,333.67,354.54,359.69
-0.09,-0.19,-0.32,333.68,354.54,359.68
-0.09,-0.19,-0.32,333.7,354.52,359.69
-0.09,-0.19,-0.32,333.72,354.51,359.69
-0.09,-0.19,-0.32,333.73,354.48,359.71
-0.09,-0.19,-0.32,333.73,354.46,359.74
-0.09,-0.19,-0.32,333.73,354.48,359.76
-0.09,-0.19,-0.32,333.74,354.45,359.78
-0.09,-0.19,-0.32,333.76,354.44,359.79
-0.09,-0.19,-0.32,333.75,354.43,359.8
-0.09,-0.19,-0.32,333.76,354.42,359.81
-0.09,-0.19,-0.32,333.76,354.43,359.8
-0.09,-0.19,-0.32,333.76,354.43,359.8
-0.09,-0.19,-0.32,333.75,354.43,359.82
-0.09,-0.19,-0.32,333.75,354.42,359.82
-0.09,-0.19,-0.32,333.74,354.42,359.82
-0.09,-0.19,-0.32,333.75,354.41,359.82
-0.09,-0.19,-0.32,333.75,354.39,359.84
-0.09,-0.19,-0.32,333.76,354.37,359.86
-0.09,-0.19,-0.32,333.78,354.36,359.87
-0.09,-0.19,-0.32,333.78,354.35,359.88
-0.09,-0.19,-0.32,333.8,354.35,359.88
-0.09,-0.19,-0.32,333.8,354.35,359.9
-0.09,-0.19,-0.32,333.81,354.35,359.9
-0.09,-0.19,-0.32,333.82,354.36,359.91
-0.09,-0.19,-0.32,333.82,354.36,359.89
-0.09,-0.19,-0.32,333.82,354.36,359.91
-0.09,-0.19,-0.32,333.83,354.35,359.92
-0.09,-0.19,-0.32,333.86,354.34,359.95
-0.09,-0.19,-0.32,333.87,354.36,359.96
-0.09,-0.19,-0.32,333.89,354.36,359.96
-0.09,-0.19,-0.32,333.91,354.37,359.93
-0.09,-0.19,-0.32,333.94,354.39,359.9
-0.09,-0.19,-0.32,333.97,354.4,359.9
-0.09,-0.19,-0.32,334.01,354.4,359.91
-0.09,-0.19,-0.32,334.04,354.39,359.93
-0.09,-0.19,-0.32,334.06,354.39,359.94
-0.09,-0.19,-0.32,334.09,354.4,359.93
-0.09,-0.19,-0.32,334.1,354.4,359.93
-0.09,-0.19,-0.32,334.12,354.42,359.9
-0.09,-0.19,-0.32,334.13,354.44,359.9
-0.09,-0.19,-0.32,334.15,354.44,359.89
-0.09,-0.19,-0.32,334.16,354.45,359.88
-0.09,-0.19,-0.32,334.16,354.48,359.87
-0.09,-0.19,-0.32,334.19,354.5,359.85
-0.09,-0.19,-0.32,334.2,354.53,359.83
-0.09,-0.19,-0.32,334.23,354.55,359.8
-0.09,-0.19,-0.32,334.26,354.6,359.78
-0.09,-0.19,-0.32,334.31,354.62,359.77
-0.09,-0.19,-0.32,334.33,354.65,359.76
-0.09,-0.19,-0.32,334.35,354.66,359.76
-0.09,-0.19,-0.32,334.35,354.69,359.77
-0.09,-0.19,-0.32,334.36,354.71,359.76
-0.09,-0.19,-0.32,334.36,354.75,359.73
-0.09,-0.19,-0.32,334.35,354.77,359.71
-0.09,-0.19,-0.32,334.35,354.8,359.69
-0.09,-0.19,-0.32,334.35,354.82,359.67
-0.09,-0.19,-0.32,334.34,354.87,359.66
-0.09,-0.19,-0.32,334.35,354.9,359.66
-0.09,-0.19,-0.32,334.36,354.92,359.67
-0.09,-0.19,-0.32,334.37,354.95,359.67
-0.09,-0.19,-0.32,334.39,354.98,359.67
-0.09,-0.19,-0.32,334.41,355.01,359.68
-0.09,-0.19,-0.32,334.42,355.04,359.66
-0.09,-0.19,-0.32,334.44,355.09,359.64
-0.09,-0.19,-0.32,334.46,355.15,359.61
-0.09,-0.19,-0.32,334.48,355.2,359.58
-0.09,-0.19,-0.32,334.5,355.25,359.56
-0.09,-0.19,-0.32,334.52,355.29,359.51
-0.09,-0.19,-0.32,334.54,355.34,359.48
-0.09,-0.19,-0.32,334.56,355.4,359.45
-0.09,-0.19,-0.32,334.59,355.44,359.44
-0.09,-0.19,-0.32,334.62,355.48,359.43
-0.09,-0.19,-0.32,334.65,355.53,359.39
-0.09,-0.19,-0.32,334.67,355.55,359.38
-0.09,-0.19,-0.32,334.7,355.6,359.39
-0.09,-0.19,-0.32,334.71,355.63,359.38
-0.09,-0.19,-0.32,334.72,355.65,359.37
-0.09,-0.19,-0.32,334.73,355.67,359.37
-0.09,-0.19,-0.32,334.74,355.69,359.36
-0.09,-0.19,-0.32,334.75,355.72,359.35
-0.09,-0.19,-0.32,334.75,355.72,359.33
-0.09,-0.19,-0.32,334.76,355.72,359.33
-0.09,-0.19,-0.32,334.77,355.72,359.34
-0.09,-0.19,-0.32,334.79,355.7,359.34
-0.09,-0.19,-0.32,334.79,355.69,359.34
-0.09,-0.19,-0.32,334.81,355.67,359.35
-0.09,-0.19,-0.32,334.82,355.66,359.35
-0.09,-0.19,-0.32,334.83,355.64,359.36
-0.09,-0.19,-0.32,334.84,355.61,359.38
-0.09,-0.19,-0.32,334.84,355.58,359.39
-0.09,-0.19,-0.32,334.85,355.55,359.41
-0.09,-0.19,-0.32,334.84,355.52,359.42
-0.09,-0.19,-0.32,334.86,355.5,359.42
-0.09,-0.19,-0.32,334.86,355.48,359.43
-0.09,-0.19,-0.32,334.88,355.48,359.42
-0.09,-0.19,-0.32,334.9,355.47,359.42
-0.09,-0.19,-0.32,334.91,355.45,359.43
-0.09,-0.19,-0.32,334.91,355.44,359.45
-0.09,-0.19,-0.32,334.92,355.42,359.47
-0.09,-0.19,-0.32,334.93,355.42,359.51
-0.09,-0.19,-0.32,334.91,355.42,359.5
-0.09,-0.19,-0.32,334.92,355.43,359.49
-0.09,-0.19,-0.32,334.91,355.44,359.44
-0.09,-0.19,-0.32,334.92,355.47,359.42
-0.09,-0.19,-0.32,334.92,355.46,359.4
-0.09,-0.19,-0.32,334.93,355.46,359.41
-0.09,-0.19,-0.32,334.94,355.46,359.43
-0.09,-0.19,-0.32,334.93,355.45,359.43
-0.09,-0.19,-0.32,334.93,355.42,359.45
-0.09,-0.19,-0.32,334.91,355.43,359.43
-0.09,-0.19,-0.32,334.9,355.43,359.4
-0.09,-0.19,-0.32,334.87,355.43,359.4
-0.09,-0.19,-0.32,334.86,355.42,359.39
-0.09,-0.19,-0.32,334.85,355.41,359.4
-0.09,-0.19,-0.32,334.85,355.4,359.4
-0.09,-0.19,-0.32,334.85,355.38,359.4
-0.09,-0.19,-0.32,334.85,355.38,359.4
-0.09,-0.19,-0.32,334.85,355.39,359.4
-0.09,-0.19,-0.32,334.85,355.39,359.39
-0.09,-0.19,-0.32,334.84,355.39,359.39
-0.09,-0.19,-0.32,334.85,355.38,359.39
-0.09,-0.19,-0.32,334.83,355.39,359.4
-0.09,-0.19,-0.32,334.8,355.4,359.4
-0.09,-0.19,-0.32,334.76,355.42,359.39
-0.09,-0.19,-0.32,334.73,355.44,359.37
-0.09,-0.19,-0.32,334.71,355.47,359.37
-0.09,-0.19,-0.32,334.69,355.5,359.35
-0.09,-0.19,-0.32,334.67,355.51,359.36
-0.09,-0.19,-0.32,334.66,355.54,359.35
-0.09,-0.19,-0.32,334.66,355.56,359.35
-0.09,-0.19,-0.32,334.66,355.58,359.35
-0.09,-0.19,-0.32,334.65,355.59,359.35
-0.09,-0.19,-0.32,334.65,355.62,359.34
-0.09,-0.19,-0.32,334.65,355.63,359.33
-0.09,-0.19,-0.32,334.65,355.66,359.31
-0.09,-0.19,-0.32,334.65,355.67,359.3
-0.09,-0.19,-0.32,334.64,355.7,359.28
-0.09,-0.19,-0.32,334.64,355.72,359.26
-0.09,-0.19,-0.32,334.63,355.73,359.24
-0.09,-0.19,-0.32,334.63,355.74,359.23
-0.09,-0.19,-0.32,334.64,355.74,359.22
-0.09,-0.19,-0.32,334.65,355.76,359.21
-0.09,-0.19,-0.32,334.65,355.76,359.2
-0.09,-0.19,-0.32,334.66,355.76,359.19
-0.09,-0.19,-0.32,334.67,355.77,359.18
-0.09,-0.19,-0.32,334.67,355.77,359.18
-0.09,-0.19,-0.32,334.68,355.78,359.18
-0.09,-0.19,-0.32,334.69,355.79,359.19
-0.09,-0.19,-0.32,334.7,355.8,359.19
-0.09,-0.19,-0.32,334.72,355.82,359.19
-0.09,-0.19,-0.32,334.72,355.82,359.19
-0.09,-0.19,-0.32,334.73,355.84,359.18
-0.09,-0.19,-0.32,334.74,355.84,359.18
-0.09,-0.19,-0.32,334.74,355.86,359.17
-0.09,-0.19,-0.32,334.73,355.89,359.16
-0.09,-0.19,-0.32,334.73,355.92,359.15
-0.09,-0.19,-0.32,334.73,355.94,359.14
-0.09,-0.19,-0.32,334.75,355.95,359.12
-0.09,-0.19,-0.32,334.76,355.97,359.13
-0.09,-0.19,-0.32,334.77,355.99,359.12
-0.09,-0.19,-0.32,334.77,356.0,359.11
-0.09,-0.19,-0.32,334.79,356.02,359.1
-0.09,-0.19,-0.32,334.78,356.05,359.1
-0.09,-0.19,-0.32,334.79,356.08,359.07
-0.09,-0.19,-0.32,334.77,356.1,359.07
-0.09,-0.19,-0.32,334.78,356.13,359.05
-0.09,-0.19,-0.32,334.78,356.15,359.05
-0.09,-0.19,-0.32,334.78,356.17,359.07
-0.09,-0.19,-0.32,334.77,356.18,359.08
-0.09,-0.19,-0.32,334.77,356.2,359.08
-0.09,-0.19,-0.32,334.76,356.24,359.05
-0.09,-0.19,-0.32,334.76,356.28,359.0
-0.09,-0.19,-0.32,334.78,356.32,358.96
-0.09,-0.19,-0.32,334.77,356.34,358.94
-0.09,-0.19,-0.32,334.78,356.35,358.93
-0.09,-0.19,-0.32,334.78,356.37,358.94
-0.09,-0.19,-0.32,334.78,356.37,358.97
-0.09,-0.19,-0.32,334.78,356.37,358.96
-0.09,-0.19,-0.32,334.78,356.37,358.96
-0.09,-0.19,-0.32,334.78,356.38,358.96
-0.09,-0.19,-0.32,334.77,356.39,358.95
-0.09,-0.19,-0.32,334.78,356.39,358.94
-0.09,-0.19,-0.32,334.78,356.41,358.94
-0.09,-0.19,-0.32,334.78,356.43,358.93
-0.09,-0.19,-0.32,334.79,356.46,358.92
-0.09,-0.19,-0.32,334.79,356.47,358.93
-0.09,-0.19,-0.32,334.79,356.49,358.92
-0.09,-0.19,-0.32,334.8,356.53,358.9
-0.09,-0.19,-0.32,334.81,356.55,358.91
-0.09,-0.19,-0.32,334.81,356.59,358.91
-0.09,-0.19,-0.32,334.79,356.59,358.92
-0.09,-0.19,-0.32,334.79,356.63,358.91
-0.09,-0.19,-0.32,334.78,356.66,358.88
-0.09,-0.19,-0.32,334.78,356.69,358.87
-0.09,-0.19,-0.32,334.77,356.74,358.85
-0.09,-0.19,-0.32,334.78,356.76,358.85
-0.09,-0.19,-0.32,334.78,356.78,358.86
-0.09,-0.19,-0.32,334.76,356.8,358.86
-0.09,-0.19,-0.32,334.78,356.82,358.87
-0.09,-0.19,-0.32,334.78,356.83,358.88
-0.09,-0.19,-0.32,334.8,356.86,358.87
-0.09,-0.19,-0.32,334.82,356.88,358.86
-0.09,-0.19,-0.32,334.86,356.91,358.86
-0.09,-0.19,-0.32,334.89,356.93,358.86
-0.09,-0.19,-0.32,334.91,356.95,358.84
-0.09,-0.19,-0.32,334.93,356.95,358.85
-0.09,-0.19,-0.32,334.96,356.94,358.85
-0.09,-0.19,-0.32,334.98,356.95,358.84
-0.09,-0.19,-0.32,335.02,356.93,358.84
-0.09,-0.19,-0.32,335.04,356.93,358.84
-0.09,-0.19,-0.32,335.07,356.94,358.86
-0.09,-0.19,-0.32,335.08,356.94,358.87
-0.09,-0.19,-0.32,335.12,356.92,358.89
-0.09,-0.19,-0.32,335.14,356.89,358.93
-0.09,-0.19,-0.32,335.17,356.86,358.95
-0.09,-0.19,-0.32,335.18,356.84,358.98
-0.09,-0.19,-0.32,335.2,356.81,359.02
-0.09,-0.19,-0.32,335.22,356.78,359.03
-0.09,-0.19,-0.32,335.24,356.75,359.04
-0.09,-0.19,-0.32,335.25,356.74,359.05
-0.09,-0.19,-0.32,335.26,356.73,359.05
-0.09,-0.19,-0.32,335.26,356.71,359.06
-0.09,-0.19,-0.32,335.27,356.7,359.07
-0.09,-0.19,-0.32,335.29,356.68,359.07
-0.09,-0.19,-0.32,335.3,356.68,359.07
-0.09,-0.19,-0.32,335.29,356.67,359.06
-0.09,-0.19,-0.32,335.29,356.69,359.06
-0.09,-0.19,-0.32,335.3,356.68,359.06
-0.09,-0.19,-0.32,335.3,356.68,359.06
-0.09,-0.19,-0.32,335.3,356.7,359.06
-0.09,-0.19,-0.32,335.29,356.68,359.07
-0.09,-0.19,-0.32,335.3,356.68,359.07
-0.09,-0.19,-0.32,335.32,356.69,359.09
-0.09,-0.19,-0.32,335.34,356.67,359.09
-0.09,-0.2,-0.32,335.34,356.66,359.1
-0.09,-0.2,-0.32,335.37,356.65,359.1
-0.09,-0.2,-0.32,335.38,356.66,359.09
-0.09,-0.2,-0.32,335.39,356.64,359.11
-0.09,-0.19,-0.32,335.4,356.62,359.13
-0.09,-0.19,-0.32,335.41,356.59,359.15
-0.09,-0.19,-0.32,335.41,356.59,359.15
-0.09,-0.19,-0.32,335.42,356.58,359.13
-0.09,-0.19,-0.32,335.43,356.59,359.09
-0.09,-0.19,-0.32,335.45,356.6,359.07
-0.09,-0.19,-0.32,335.47,356.6,359.06
-0.09,-0.19,-0.32,335.47,356.59,359.07
-0.09,-0.19,-0.32,335.47,356.56,359.11
-0.09,-0.19,-0.32,335.47,356.56,359.12
-0.09,-0.19,-0.32,335.48,356.56,359.11
-0.09,-0.19,-0.32,335.48,356.57,359.09
-0.09,-0.19,-0.32,335.48,356.57,359.09
-0.09,-0.19,-0.32,335.46,356.59,359.09
-0.09,-0.19,-0.32,335.46,356.59,359.09
-0.09,-0.19,-0.32,335.46,356.61,359.09
-0.09,-0.19,-0.32,335.45,356.62,359.08
-0.09,-0.2,-0.32,335.46,356.62,359.06
-0.09,-0.2,-0.32,335.47,356.63,359.04
-0.09,-0.2,-0.32,335.49,356.62,359.04
-0.09,-0.2,-0.32,335.5,356.62,359.01
-0.09,-0.2,-0.32,335.52,356.62,359.0
-0.09,-0.2,-0.32,335.55,356.61,358.98
-0.09,-0.2,-0.32,335.57,356.6,358.98
-0.09,-0.2,-0.32,335.59,356.57,358.96
-0.09,-0.2,-0.32,335.58,356.55,358.96
-0.09,-0.2,-0.32,335.59,356.53,358.96
-0.09,-0.2,-0.32,335.59,356.52,358.96
-0.09,-0.2,-0.32,335.61,356.51,358.95
-0.09,-0.2,-0.32,335.61,356.51,358.96
-0.09,-0.2,-0.32,335.61,356.51,358.98
-0.09,-0.2,-0.32,335.62,356.52,358.98
-0.09,-0.2,-0.32,335.64,356.53,359.0
-0.09,-0.2,-0.32,335.65,356.57,359.0
-0.09,-0.2,-0.32,335.68,356.6,359.0
-0.09,-0.2,-0.32,335.69,356.62,359.0
-0.09,-0.2,-0.32,335.71,356.64,359.01
-0.09,-0.2,-0.32,335.72,356.67,359.0
-0.09,-0.2,-0.32,335.74,356.7,359.02
-0.09,-0.2,-0.32,335.76,356.71,359.01
-0.09,-0.2,-0.32,335.78,356.73,358.99
-0.09,-0.2,-0.32,335.8,356.76,358.98
-0.09,-0.2,-0.32,335.82,356.78,358.96
-0.09,-0.2,-0.32,335.85,356.8,358.96
-0.09,-0.2,-0.32,335.87,356.81,358.97
-0.09,-0.2,-0.32,335.89,356.82,358.98
-0.09,-0.2,-0.32,335.92,356.82,358.99
-0.09,-0.2,-0.32,335.94,356.83,359.0
-0.09,-0.2,-0.32,335.96,356.82,359.0
-0.09,-0.2,-0.32,335.98,356.81,359.02
-0.09,-0.2,-0.32,336.0,356.8,359.04
-0.09,-0.2,-0.32,336.03,356.79,359.05
-0.09,-0.2,-0.32,336.05,356.78,359.06
-0.09,-0.2,-0.32,336.07,356.76,359.08
-0.09,-0.2,-0.32,336.14,356.77,359.06
-0.09,-0.2,-0.32,336.16,356.76,359.08
-0.09,-0.2,-0.32,336.17,356.78,359.07
-0.09,-0.2,-0.32,336.21,356.79,359.06
-0.09,-0.2,-0.32,336.23,356.78,359.07
-0.09,-0.2,-0.32,336.26,356.77,359.07
-0.09,-0.2,-0.32,336.29,356.77,359.07
-0.09,-0.2,-0.32,336.33,356.78,359.09
-0.09,-0.2,-0.32,336.36,356.76,359.09
-0.09,-0.2,-0.32,336.38,356.75,359.08
-0.09,-0.2,-0.32,336.41,356.74,359.1
-0.09,-0.2,-0.32,336.41,356.76,359.1
-0.09,-0.2,-0.32,336.42,356.75,359.1
-0.09,-0.2,-0.32,336.43,356.74,359.09
-0.09,-0.2,-0.32,336.43,356.74,359.09
-0.09,-0.2,-0.32,336.44,356.74,359.1
-0.09,-0.2,-0.32,336.44,356.72,359.12
-0.09,-0.2,-0.32,336.44,356.73,359.12
-0.09,-0.2,-0.32,336.45,356.75,359.09
-0.09,-0.2,-0.32,336.45,356.76,359.05
-0.09,-0.2,-0.32,336.46,356.78,359.03
-0.09,-0.2,-0.32,336.48,356.78,359.02
-0.09,-0.2,-0.32,336.49,356.78,359.03
-0.09,-0.2,-0.32,336.49,356.78,359.06
-0.09,-0.2,-0.32,336.51,356.77,359.08
-0.09,-0.2,-0.32,336.51,356.76,359.1
-0.09,-0.2,-0.32,336.51,356.76,359.09
-0.09,-0.2,-0.32,336.52,356.76,359.08
-0.09,-0.2,-0.32,336.51,356.74,359.08
-0.09,-0.2,-0.32,336.52,356.73,359.1
-0.09,-0.2,-0.32,336.53,356.72,359.09
-0.09,-0.2,-0.32,336.55,356.72,359.09
-0.09,-0.2,-0.32,336.57,356.72,359.08
-0.09,-0.2,-0.32,336.59,356.72,359.06
-0.09,-0.2,-0.32,336.61,356.7,359.06
-0.09,-0.2,-0.32,336.64,356.7,359.06
-0.09,-0.2,-0.32,336.67,356.69,359.05
-0.09,-0.2,-0.32,336.71,356.69,359.05
-0.09,-0.2,-0.32,336.73,356.7,359.07
-0.09,-0.2,-0.32,336.77,356.7,359.06
-0.09,-0.2,-0.32,336.8,356.71,359.06
-0.09,-0.2,-0.32,336.81,356.74,359.02
-0.09,-0.2,-0.32,336.83,356.76,358.99
-0.09,-0.2,-0.32,336.85,356.78,358.99
-0.09,-0.2,-0.32,336.86,356.81,359.0
-0.09,-0.2,-0.32,336.88,356.83,359.03
-0.09,-0.2,-0.32,336.9,356.85,359.03
-0.09,-0.2,-0.32,336.95,356.88,359.06
-0.09,-0.2,-0.32,336.97,356.9,359.05
-0.09,-0.2,-0.32,337.02,356.93,359.06
-0.09,-0.2,-0.32,337.07,356.97,359.04
-0.09,-0.2,-0.32,337.11,356.99,359.03
-0.09,-0.2,-0.32,337.15,357.02,359.02
-0.09,-0.2,-0.32,337.2,357.05,359.0
-0.09,-0.2,-0.32,337.25,357.07,358.96
-0.09,-0.2,-0.32,337.29,357.09,358.96
-0.09,-0.2,-0.32,337.35,357.1,358.94
-0.09,-0.2,-0.31,337.42,357.11,358.9
-0.09,-0.2,-0.31,337.48,357.12,358.88
-0.09,-0.2,-0.31,337.54,357.13,358.85
-0.09,-0.2,-0.31,337.61,357.14,358.84
-0.09,-0.2,-0.31,337.69,357.15,358.83
-0.09,-0.2,-0.31,337.76,357.13,358.85
-0.09,-0.2,-0.31,337.86,357.11,358.87
-0.09,-0.2,-0.31,337.98,357.08,358.91
-0.09,-0.2,-0.31,338.06,357.06,358.93
-0.09,-0.2,-0.31,338.18,357.06,358.95
-0.09,-0.2,-0.31,338.3,357.06,358.96
-0.09,-0.2,-0.31,338.44,357.08,358.98
-0.09,-0.2,-0.31,338.59,357.11,359.04
-0.09,-0.2,-0.31,338.78,357.13,359.1
-0.09,-0.2,-0.31,339.01,357.16,359.17
-0.09,-0.2,-0.31,339.27,357.18,359.26
-0.09,-0.2,-0.31,339.59,357.2,359.35
-0.08,-0.2,-0.31,339.91,357.24,359.42
-0.08,-0.2,-0.31,340.24,357.29,359.46
-0.08,-0.2,-0.31,340.56,357.34,359.46
-0.08,-0.2,-0.31,340.87,357.4,359.43
-0.08,-0.2,-0.31,341.21,357.44,359.38
-0.08,-0.2,-0.31,341.55,357.5,359.31
-0.08,-0.2,-0.31,341.92,357.54,359.26
-0.08,-0.2,-0.31,342.27,357.56,359.24
-0.08,-0.2,-0.31,342.64,357.56,359.23
-0.08,-0.2,-0.31,343.03,357.56,359.24
-0.08,-0.2,-0.31,343.46,357.54,359.25
-0.08,-0.2,-0.31,343.9,357.52,359.24
-0.08,-0.21,-0.31,344.37,357.5,359.22
-0.08,-0.21,-0.31,344.88,357.46,359.21
-0.08,-0.21,-0.31,345.37,357.4,359.18
-0.08,-0.21,-0.31,345.88,357.32,359.15
-0.08,-0.21,-0.31,346.4,357.23,359.12
-0.08,-0.21,-0.31,346.91,357.12,359.15
-0.08,-0.21,-0.31,347.46,356.97,359.24
-0.08,-0.21,-0.3,348.01,356.79,359.45
-0.08,-0.21,-0.3,348.55,356.6,359.66
-0.08,-0.21,-0.3,349.06,356.41,359.9
-0.09,-0.21,-0.3,349.54,356.23,0.12
-0.09,-0.21,-0.3,349.99,356.06,0.32
-0.09,-0.21,-0.3,350.41,355.87,0.49
-0.09,-0.21,-0.3,350.8,355.68,0.69
-0.09,-0.21,-0.3,351.13,355.45,0.91
-0.09,-0.22,-0.3,351.47,355.22,1.12
-0.09,-0.22,-0.3,351.8,354.97,1.29
-0.09,-0.22,-0.3,352.12,354.74,1.47
-0.09,-0.22,-0.3,352.46,354.49,1.62
-0.09,-0.22,-0.3,352.83,354.24,1.73
-0.09,-0.22,-0.3,353.22,353.96,1.86
-0.09,-0.22,-0.3,353.62,353.67,1.99
-0.09,-0.22,-0.3,354.04,353.36,2.13
-0.09,-0.22,-0.3,354.45,353.02,2.25
-0.09,-0.22,-0.3,354.85,352.7,2.35
-0.1,-0.22,-0.3,355.25,352.35,2.42
-0.1,-0.22,-0.3,355.65,352.0,2.51
-0.1,-0.22,-0.29,356.04,351.77,2.53
-0.1,-0.22,-0.29,356.46,351.56,2.63
-0.1,-0.22,-0.29,356.92,351.36,2.64
-0.1,-0.22,-0.29,357.36,351.24,2.69
-0.1,-0.22,-0.29,357.84,351.08,2.68
-0.1,-0.22,-0.29,358.07,350.99,2.54
-0.1,-0.22,-0.29,358.44,351.04,2.36
-0.1,-0.22,-0.29,358.62,351.15,1.96
-0.1,-0.22,-0.29,358.7,351.36,1.52
-0.09,-0.22,-0.28,358.77,351.56,0.99
-0.09,-0.22,-0.28,358.81,351.93,0.55
-0.09,-0.23,-0.28,358.91,352.27,0.28
-0.09,-0.23,-0.28,359.08,352.53,0.22
-0.09,-0.23,-0.28,359.19,352.89,0.13
-0.09,-0.23,-0.28,358.63,353.18,359.63
-0.09,-0.23,-0.28,358.88,353.34,359.24
-0.09,-0.23,-0.27,359.1,353.34,359.08
-0.09,-0.23,-0.27,359.08,353.42,358.87
-0.09,-0.23,-0.27,358.94,353.72,358.56
-0.09,-0.22,-0.27,358.62,354.12,358.03
-0.09,-0.22,-0.27,358.36,354.58,357.49
-0.09,-0.22,-0.26,357.99,355.13,356.9
-0.09,-0.22,-0.26,357.7,355.59,356.41
-0.09,-0.22,-0.26,357.4,356.07,356.12
-0.09,-0.22,-0.26,357.11,356.59,355.93
-0.09,-0.22,-0.26,356.8,357.02,355.69
-0.09,-0.21,-0.25,356.33,357.37,355.34
-0.09,-0.21,-0.25,355.96,357.71,355.0
-0.09,-0.21,-0.25,355.72,357.98,354.7
-0.09,-0.21,-0.25,355.1,358.11,354.32
-0.09,-0.21,-0.25,354.36,358.37,353.87
-0.09,-0.21,-0.24,353.47,358.58,353.18
-0.09,-0.21,-0.24,352.75,358.82,352.28
-0.09,-0.21,-0.24,352.19,359.04,351.27
-0.09,-0.21,-0.24,351.77,359.2,350.28
-0.09,-0.2,-0.24,351.49,359.38,349.41
-0.09,-0.2,-0.23,351.0,359.63,348.74
-0.09,-0.2,-0.23,350.75,359.95,348.16
-0.09,-0.2,-0.23,350.52,0.36,347.61
-0.09,-0.2,-0.23,350.53,0.64,347.33
-0.09,-0.19,-0.22,350.44,1.04,347.15
-0.09,-0.19,-0.22,349.93,1.44,347.15
-0.09,-0.19,-0.22,349.49,1.67,347.2
-0.09,-0.19,-0.22,349.04,1.88,347.24
-0.09,-0.18,-0.21,348.63,2.03,347.46
-0.09,-0.18,-0.21,348.36,2.06,347.88
-0.09,-0.17,-0.21,347.87,2.01,348.23
-0.09,-0.17,-0.21,347.21,1.8,348.71
-0.09,-0.16,-0.2,347.01,1.25,349.24
-0.09,-0.16,-0.2,346.99,0.82,349.82
-0.09,-0.15,-0.2,346.88,0.45,350.39
-0.09,-0.15,-0.2,346.66,0.16,350.95
-0.09,-0.14,-0.19,346.54,359.93,351.47
-0.09,-0.14,-0.19,346.55,359.72,351.83
-0.09,-0.13,-0.19,346.69,359.54,352.17
-0.1,-0.13,-0.19,346.93,359.43,352.6
-0.1,-0.12,-0.19,347.31,359.35,353.05
-0.1,-0.12,-0.18,347.59,359.39,353.51
-0.1,-0.11,-0.18,346.74,359.36,354.1
-0.1,-0.11,-0.18,344.7,359.84,354.71
-0.1,-0.1,-0.17,343.44,0.05,355.1
-0.1,-0.1,-0.17,343.05,0.01,355.97
-0.1,-0.09,-0.17,342.37,0.05,356.78
-0.1,-0.09,-0.16,341.82,0.2,357.45
-0.1,-0.09,-0.16,341.45,0.26,358.13
-0.1,-0.08,-0.15,340.98,0.4,358.72
-0.1,-0.08,-0.15,340.93,0.58,359.02
-0.11,-0.07,-0.15,341.15,0.64,359.27
-0.11,-0.07,-0.14,341.21,0.62,359.58
-0.11,-0.07,-0.14,340.77,0.5,0.05
-0.11,-0.06,-0.13,340.57,0.24,0.52
-0.11,-0.06,-0.13,340.64,0.03,0.98
-0.11,-0.06,-0.12,340.74,359.69,1.42
-0.11,-0.05,-0.12,340.88,359.44,1.91
-0.11,-0.05,-0.11,341.22,359.08,2.44
-0.11,-0.04,-0.1,341.51,358.75,2.99
-0.11,-0.04,-0.1,341.87,358.37,3.6
-0.11,-0.03,-0.09,342.46,357.94,4.24
-0.11,-0.03,-0.08,342.97,357.5,4.85
-0.11,-0.03,-0.08,343.48,356.97,5.48
-0.11,-0.02,-0.07,343.98,356.42,6.1
-0.11,-0.02,-0.06,344.44,355.93,6.73
-0.11,-0.02,-0.05,344.75,355.53,7.38
-0.11,-0.01,-0.05,345.08,355.17,7.98
-0.11,-0.01,-0.04,345.45,354.78,8.52
-0.11,-0.01,-0.03,345.7,354.37,9.09
-0.11,-0.01,-0.02,345.91,353.92,9.65
-0.11,0.0,-0.01,346.06,353.53,10.28
-0.11,0.0,-0.01,346.08,353.2,10.95
-0.11,0.0,0.0,345.96,352.86,11.74
-0.11,0.0,0.01,345.79,352.43,12.48
-0.12,0.01,0.02,345.64,351.85,13.25
-0.12,0.01,0.03,345.6,351.29,13.83
-0.11,0.01,0.03,345.74,350.81,14.27
-0.11,0.01,0.04,345.94,350.31,14.67
-0.11,0.01,0.05,346.24,349.72,14.99
-0.11,0.01,0.06,346.56,349.09,15.41
-0.11,0.02,0.07,346.88,348.37,15.91
-0.11,0.02,0.08,347.24,347.61,16.45
-0.11,0.02,0.09,347.69,346.82,16.91
-0.11,0.02,0.09,348.18,346.03,17.35
-0.11,0.02,0.1,348.76,345.27,17.77
-0.11,0.02,0.11,349.28,344.62,18.22
-0.11,0.02,0.12,349.78,344.02,18.71
-0.11,0.02,0.13,350.3,343.39,19.27
-0.11,0.02,0.13,350.75,342.73,19.97
-0.11,0.02,0.14,351.07,342.13,20.77
-0.11,0.02,0.15,351.36,341.5,21.51
-0.11,0.02,0.16,351.51,341.03,22.14
-0.11,0.02,0.16,351.6,340.51,22.71
-0.1,0.02,0.17,351.71,339.84,23.22
-0.1,0.02,0.18,351.8,339.26,23.71
-0.1,0.02,0.19,352.01,338.8,24.25
-0.1,0.02,0.19,352.18,338.43,24.73
-0.09,0.02,0.2,352.41,338.23,25.11
-0.09,0.01,0.2,352.72,338.05,25.35
-0.09,0.01,0.21,353.03,337.83,25.49
-0.08,0.01,0.22,353.38,337.73,25.43
-0.08,0.01,0.22,353.76,337.76,25.36
-0.08,0.0,0.23,354.1,337.87,25.28
-0.07,0.0,0.23,354.41,338.05,25.15
-0.07,0.0,0.24,354.79,338.22,25.01
-0.06,-0.01,0.24,355.16,338.41,24.91
-0.06,-0.01,0.25,355.5,338.65,24.8
-0.05,-0.01,0.25,355.88,338.99,24.63
-0.05,-0.02,0.26,356.28,339.29,24.44
-0.04,-0.02,0.26,356.74,339.65,24.24
-0.04,-0.02,0.27,357.15,340.02,24.09
-0.03,-0.03,0.27,357.56,340.5,24.01
-0.03,-0.03,0.28,358.03,340.96,23.91
-0.02,-0.04,0.28,358.53,341.4,23.74
-0.02,-0.04,0.28,359.03,341.87,23.53
-0.01,-0.05,0.29,359.43,342.31,23.28
-0.01,-0.05,0.29,359.79,342.78,22.97
0.0,-0.06,0.29,0.18,343.27,22.66
0.0,-0.06,0.3,0.56,343.76,22.32
0.01,-0.06,0.3,0.95,344.22,22.07
0.01,-0.07,0.31,1.3,344.63,21.92
0.02,-0.07,0.31,1.62,345.01,21.8
0.02,-0.08,0.31,1.9,345.38,21.66
0.03,-0.08,0.32,2.12,345.78,21.47
0.03,-0.08,0.32,2.33,346.12,21.3
0.04,-0.09,0.32,2.57,346.34,21.09
0.04,-0.09,0.33,2.83,346.49,20.86
0.05,-0.1,0.33,3.21,346.66,20.49
0.06,-0.1,0.34,3.3,346.81,20.39
0.06,-0.1,0.34,3.4,346.94,20.32
0.07,-0.11,0.34,3.45,346.94,20.25
0.07,-0.11,0.35,3.57,346.86,20.15
0.07,-0.11,0.35,3.7,346.72,19.96
0.08,-0.11,0.35,3.82,346.6,19.77
0.08,-0.12,0.36,3.9,346.58,19.6
0.09,-0.12,0.36,3.98,346.64,19.44
0.09,-0.12,0.37,4.08,346.66,19.25
0.0,0.0,0.0,0.0,0.0,0.0
